file,line,string,kind,line_text
C:\Users\jakew\.local\bin\Labor Data Project_real\frontend\src\App.jsx,17,@/features/scorecard/TargetsPage,string_literal,const TargetsPage = lazy(() => import('@/features/scorecard/TargetsPage').then(m => ({ default: m.TargetsPage })))
C:\Users\jakew\.local\bin\Labor Data Project_real\frontend\src\shared\api\admin.js,42,score-versions,string_literal,"queryKey: ['score-versions'],"
C:\Users\jakew\.local\bin\Labor Data Project_real\frontend\src\shared\api\admin.js,43,/api/admin/score-versions,string_literal,"queryFn: () => apiClient.get('/api/admin/score-versions'),"
C:\Users\jakew\.local\bin\Labor Data Project_real\frontend\src\shared\api\admin.js,80,/api/admin/refresh-scorecard,string_literal,"mutationFn: () => apiClient.post('/api/admin/refresh-scorecard'),"
C:\Users\jakew\.local\bin\Labor Data Project_real\frontend\src\shared\api\employers.js,19,score_tier,string_literal,"if (score_tier) params.set('score_tier', score_tier)"
C:\Users\jakew\.local\bin\Labor Data Project_real\frontend\src\shared\api\profile.js,50,scorecard-detail,string_literal,"queryKey: ['scorecard-detail', id],"
C:\Users\jakew\.local\bin\Labor Data Project_real\frontend\src\features\admin\MatchReviewCard.jsx,50,osha,string_literal,<option value='osha'>OSHA</option>
C:\Users\jakew\.local\bin\Labor Data Project_real\frontend\src\features\admin\MatchReviewCard.jsx,79,<th className='pb-2 font-medium text-right'>Score</th>,jsx_text_or_expr,<th className='pb-2 font-medium text-right'>Score</th>
C:\Users\jakew\.local\bin\Labor Data Project_real\frontend\src\features\admin\MatchReviewCard.jsx,93,<ConfidenceDots confidence={match.confidence_score} />,jsx_text_or_expr,<ConfidenceDots confidence={match.confidence_score} />
C:\Users\jakew\.local\bin\Labor Data Project_real\frontend\src\features\admin\PlatformStatsCard.jsx,47,Scorecard Rows,string_literal,<StatItem label='Scorecard Rows' value={data?.total_scorecard_rows} />
C:\Users\jakew\.local\bin\Labor Data Project_real\frontend\src\features\admin\RefreshActionsCard.jsx,13,Scorecard refreshed,string_literal,"onSuccess: () => toast.success('Scorecard refreshed'),"
C:\Users\jakew\.local\bin\Labor Data Project_real\frontend\src\features\admin\RefreshActionsCard.jsx,14,Failed to refresh scorecard,string_literal,"onError: (err) => toast.error(err.message || 'Failed to refresh scorecard'),"
C:\Users\jakew\.local\bin\Labor Data Project_real\frontend\src\features\admin\SettingsPage.jsx,38,"<p><strong>System health:</strong> Database size, API response times (slower than 2 seconds may indicate a problem), and error rates (should be near zero).</p>",jsx_text_or_expr,"<p><strong>System health:</strong> Database size, API response times (slower than 2 seconds may indicate a problem), and error rates (should be near zero).</p>"
C:\Users\jakew\.local\bin\Labor Data Project_real\frontend\src\features\admin\SettingsPage.jsx,43,"<li><strong>Admin:</strong> Full access including this admin panel, score weights, and user management.</li>",jsx_text_or_expr,"<li><strong>Admin:</strong> Full access including this admin panel, score weights, and user management.</li>"
C:\Users\jakew\.local\bin\Labor Data Project_real\frontend\src\features\employer-profile\BasicProfileView.jsx,5,@/features/scorecard/QualityIndicator,string_literal,import { QualityIndicator } from '@/features/scorecard/QualityIndicator'
C:\Users\jakew\.local\bin\Labor Data Project_real\frontend\src\features\employer-profile\BasicProfileView.jsx,56,<QualityIndicator score={master.data_quality_score} />,jsx_text_or_expr,<QualityIndicator score={master.data_quality_score} />
C:\Users\jakew\.local\bin\Labor Data Project_real\frontend\src\features\employer-profile\BasicProfileView.jsx,104,OSHA Summary,string_literal,"<EnrichmentSection title=""OSHA Summary"">"
C:\Users\jakew\.local\bin\Labor Data Project_real\frontend\src\features\employer-profile\BasicProfileView.jsx,108,"<p className=""font-medium"">{formatNumber(enrichment.osha_summary.establishments)}</p>",jsx_text_or_expr,"<p className=""font-medium"">{formatNumber(enrichment.osha_summary.establishments)}</p>"
C:\Users\jakew\.local\bin\Labor Data Project_real\frontend\src\features\employer-profile\BasicProfileView.jsx,112,"<p className=""font-medium"">{formatNumber(enrichment.osha_summary.total_violations)}</p>",jsx_text_or_expr,"<p className=""font-medium"">{formatNumber(enrichment.osha_summary.total_violations)}</p>"
C:\Users\jakew\.local\bin\Labor Data Project_real\frontend\src\features\employer-profile\BasicProfileView.jsx,116,"<p className=""font-medium"">{formatCurrency(enrichment.osha_summary.total_penalties)}</p>",jsx_text_or_expr,"<p className=""font-medium"">{formatCurrency(enrichment.osha_summary.total_penalties)}</p>"
C:\Users\jakew\.local\bin\Labor Data Project_real\frontend\src\features\employer-profile\BasicProfileView.jsx,124,NLRB Summary,string_literal,"<EnrichmentSection title=""NLRB Summary"">"
C:\Users\jakew\.local\bin\Labor Data Project_real\frontend\src\features\employer-profile\BasicProfileView.jsx,126,"<span className=""font-medium"">{formatNumber(enrichment.nlrb_summary.participants)}</span>",jsx_text_or_expr,"<span className=""font-medium"">{formatNumber(enrichment.nlrb_summary.participants)}</span>"
C:\Users\jakew\.local\bin\Labor Data Project_real\frontend\src\features\employer-profile\BasicProfileView.jsx,154,Organizing Scorecard,string_literal,"<EnrichmentSection title=""Organizing Scorecard"">"
C:\Users\jakew\.local\bin\Labor Data Project_real\frontend\src\features\employer-profile\BasicProfileView.jsx,159,"<p className=""font-medium"">{enrichment.scorecard.score_tier}</p>",jsx_text_or_expr,"<p className=""font-medium"">{enrichment.scorecard.score_tier}</p>"
C:\Users\jakew\.local\bin\Labor Data Project_real\frontend\src\features\employer-profile\BasicProfileView.jsx,164,"<p className=""text-muted-foreground"">Score</p>",jsx_text_or_expr,"<p className=""text-muted-foreground"">Score</p>"
C:\Users\jakew\.local\bin\Labor Data Project_real\frontend\src\features\employer-profile\BasicProfileView.jsx,165,"<p className=""font-medium"">{Number(enrichment.scorecard.weighted_score).toFixed(1)}</p>",jsx_text_or_expr,"<p className=""font-medium"">{Number(enrichment.scorecard.weighted_score).toFixed(1)}</p>"
C:\Users\jakew\.local\bin\Labor Data Project_real\frontend\src\features\employer-profile\ComparablesCard.jsx,27,"<th className=""px-2 py-1.5 text-right font-medium"">Similarity</th>",jsx_text_or_expr,"<th className=""px-2 py-1.5 text-right font-medium"">Similarity</th>"
C:\Users\jakew\.local\bin\Labor Data Project_real\frontend\src\features\employer-profile\ComparablesCard.jsx,43,"<td className=""px-2 py-1.5 text-right font-medium"">{c.similarity_pct}%</td>",jsx_text_or_expr,"<td className=""px-2 py-1.5 text-right font-medium"">{c.similarity_pct}%</td>"
C:\Users\jakew\.local\bin\Labor Data Project_real\frontend\src\features\employer-profile\CorporateHierarchyCard.jsx,81,"<Button variant=""outline"" size=""sm"" className=""mt-2"" onClick={() => setShowAllSubs(true)}>",jsx_text_or_expr,"<Button variant=""outline"" size=""sm"" className=""mt-2"" onClick={() => setShowAllSubs(true)}>"
C:\Users\jakew\.local\bin\Labor Data Project_real\frontend\src\features\employer-profile\CorporateHierarchyCard.jsx,91,"<span className=""text-muted-foreground"">Family Size</span>",jsx_text_or_expr,"<span className=""text-muted-foreground"">Family Size</span>"
C:\Users\jakew\.local\bin\Labor Data Project_real\frontend\src\features\employer-profile\EmployerProfilePage.jsx,10,./ScorecardSection,string_literal,import { ScorecardSection } from './ScorecardSection'
C:\Users\jakew\.local\bin\Labor Data Project_real\frontend\src\features\employer-profile\EmployerProfilePage.jsx,11,./OshaSection,string_literal,import { OshaSection } from './OshaSection'
C:\Users\jakew\.local\bin\Labor Data Project_real\frontend\src\features\employer-profile\EmployerProfilePage.jsx,12,./NlrbSection,string_literal,import { NlrbSection } from './NlrbSection'
C:\Users\jakew\.local\bin\Labor Data Project_real\frontend\src\features\employer-profile\EmployerProfilePage.jsx,16,./FinancialDataCard,string_literal,import { FinancialDataCard } from './FinancialDataCard'
C:\Users\jakew\.local\bin\Labor Data Project_real\frontend\src\features\employer-profile\EmployerProfilePage.jsx,19,./GovernmentContractsCard,string_literal,import { GovernmentContractsCard } from './GovernmentContractsCard'
C:\Users\jakew\.local\bin\Labor Data Project_real\frontend\src\features\employer-profile\EmployerProfilePage.jsx,62,"<Button variant=""ghost"" size=""sm"" onClick={handleBack} className=""gap-1.5"">",jsx_text_or_expr,"<Button variant=""ghost"" size=""sm"" onClick={handleBack} className=""gap-1.5"">"
C:\Users\jakew\.local\bin\Labor Data Project_real\frontend\src\features\employer-profile\EmployerProfilePage.jsx,75,"<Button variant=""ghost"" size=""sm"" onClick={handleBack} className=""gap-1.5"">",jsx_text_or_expr,"<Button variant=""ghost"" size=""sm"" onClick={handleBack} className=""gap-1.5"">"
C:\Users\jakew\.local\bin\Labor Data Project_real\frontend\src\features\employer-profile\EmployerProfilePage.jsx,94,"<Button variant=""ghost"" size=""sm"" onClick={handleBack} className=""gap-1.5"">",jsx_text_or_expr,"<Button variant=""ghost"" size=""sm"" onClick={handleBack} className=""gap-1.5"">"
C:\Users\jakew\.local\bin\Labor Data Project_real\frontend\src\features\employer-profile\EmployerProfilePage.jsx,104,"<Button variant=""outline"" size=""sm"" onClick={() => activeQuery.refetch()}>",jsx_text_or_expr,"<Button variant=""outline"" size=""sm"" onClick={() => activeQuery.refetch()}>"
C:\Users\jakew\.local\bin\Labor Data Project_real\frontend\src\features\employer-profile\EmployerProfilePage.jsx,116,"<Button variant=""ghost"" size=""sm"" onClick={handleBack} className=""gap-1.5"">",jsx_text_or_expr,"<Button variant=""ghost"" size=""sm"" onClick={handleBack} className=""gap-1.5"">"
C:\Users\jakew\.local\bin\Labor Data Project_real\frontend\src\features\employer-profile\EmployerProfilePage.jsx,129,"<Button variant=""ghost"" size=""sm"" onClick={handleBack} className=""gap-1.5"">",jsx_text_or_expr,"<Button variant=""ghost"" size=""sm"" onClick={handleBack} className=""gap-1.5"">"
C:\Users\jakew\.local\bin\Labor Data Project_real\frontend\src\features\employer-profile\EmployerProfilePage.jsx,150,"<Button variant=""ghost"" size=""sm"" onClick={handleBack} className=""gap-1.5"">",jsx_text_or_expr,"<Button variant=""ghost"" size=""sm"" onClick={handleBack} className=""gap-1.5"">"
C:\Users\jakew\.local\bin\Labor Data Project_real\frontend\src\features\employer-profile\EmployerProfilePage.jsx,155,"<ProfileHeader employer={employer} scorecard={scorecard} sourceType=""F7"" />",jsx_text_or_expr,"<ProfileHeader employer={employer} scorecard={scorecard} sourceType=""F7"" />"
C:\Users\jakew\.local\bin\Labor Data Project_real\frontend\src\features\employer-profile\EmployerProfilePage.jsx,157,"s overall organizing potential, calculated from up to 8 different factors. The score only uses factors where we actually have data -- if we",string_literal,"<p><strong>Score (0-10):</strong> This employer's overall organizing potential, calculated from up to 8 different factors. The score only uses factors where we actually have data -- if we're missing information on a factor, it's skipped rather than counted against the employer. A score of 8.0 based on 7 factors is more reliable than an 8.0 based on 3 factors. The number of factors used is shown below the score.</p>"
C:\Users\jakew\.local\bin\Labor Data Project_real\frontend\src\features\employer-profile\EmployerProfilePage.jsx,161,<li><strong>Strong (next 12%):</strong> Very promising targets with solid data across several factors. Action: worth detailed research and preliminary outreach assessment.</li>,jsx_text_or_expr,<li><strong>Strong (next 12%):</strong> Very promising targets with solid data across several factors. Action: worth detailed research and preliminary outreach assessment.</li>
C:\Users\jakew\.local\bin\Labor Data Project_real\frontend\src\features\employer-profile\EmployerProfilePage.jsx,166,"<p><strong>Factor bars:</strong> Each bar shows how this employer scored on one of 8 factors, rated 0-10. Factors are weighted by importance -- (3x) factors matter three times as much as (1x) factors in the final score. A grayed-out factor with a dash means we have no data for that factor.</p>",jsx_text_or_expr,"<p><strong>Factor bars:</strong> Each bar shows how this employer scored on one of 8 factors, rated 0-10. Factors are weighted by importance -- (3x) factors matter three times as much as (1x) factors in the final score. A grayed-out factor with a dash means we have no data for that factor.</p>"
C:\Users\jakew\.local\bin\Labor Data Project_real\frontend\src\features\employer-profile\EmployerProfilePage.jsx,168,<li><strong>Union Proximity (3x):</strong> Whether companies in the same corporate family already have unions. Strongest predictor -- the corporate parent has already dealt with unions elsewhere.</li>,jsx_text_or_expr,<li><strong>Union Proximity (3x):</strong> Whether companies in the same corporate family already have unions. Strongest predictor -- the corporate parent has already dealt with unions elsewhere.</li>
C:\Users\jakew\.local\bin\Labor Data Project_real\frontend\src\features\employer-profile\EmployerProfilePage.jsx,169,<li><strong>Employer Size (3x):</strong> Larger employers offer more impact per campaign. Employers under 15 employees score zero.</li>,jsx_text_or_expr,<li><strong>Employer Size (3x):</strong> Larger employers offer more impact per campaign. Employers under 15 employees score zero.</li>
C:\Users\jakew\.local\bin\Labor Data Project_real\frontend\src\features\employer-profile\EmployerProfilePage.jsx,170,"<li><strong>NLRB Activity (3x):</strong> Nearby union election momentum (within 25 miles, similar industry) and this employer's own election history. Past losses count as a negative.</li>",jsx_text_or_expr,"<li><strong>NLRB Activity (3x):</strong> Nearby union election momentum (within 25 miles, similar industry) and this employer's own election history. Past losses count as a negative.</li>"
C:\Users\jakew\.local\bin\Labor Data Project_real\frontend\src\features\employer-profile\EmployerProfilePage.jsx,171,"<li><strong>Gov Contracts (2x):</strong> Federal, state, or city government contracts create public accountability and regulatory leverage. Multiple contract levels score higher.</li>",jsx_text_or_expr,"<li><strong>Gov Contracts (2x):</strong> Federal, state, or city government contracts create public accountability and regulatory leverage. Multiple contract levels score higher.</li>"
C:\Users\jakew\.local\bin\Labor Data Project_real\frontend\src\features\employer-profile\EmployerProfilePage.jsx,172,<li><strong>Industry Growth (2x):</strong> BLS-projected 10-year industry growth rate. Faster-growing industries mean more workers entering the field.</li>,jsx_text_or_expr,<li><strong>Industry Growth (2x):</strong> BLS-projected 10-year industry growth rate. Faster-growing industries mean more workers entering the field.</li>
C:\Users\jakew\.local\bin\Labor Data Project_real\frontend\src\features\employer-profile\EmployerProfilePage.jsx,173,"<li><strong>OSHA Safety (1x):</strong> Workplace safety violations. More violations and more serious violations (willful, repeat) score higher. Recent ones count more.</li>",jsx_text_or_expr,"<li><strong>OSHA Safety (1x):</strong> Workplace safety violations. More violations and more serious violations (willful, repeat) score higher. Recent ones count more.</li>"
C:\Users\jakew\.local\bin\Labor Data Project_real\frontend\src\features\employer-profile\EmployerProfilePage.jsx,174,"<li><strong>WHD Wage Theft (1x):</strong> Wage and hour violations including back wages, overtime, and minimum wage violations.</li>",jsx_text_or_expr,"<li><strong>WHD Wage Theft (1x):</strong> Wage and hour violations including back wages, overtime, and minimum wage violations.</li>"
C:\Users\jakew\.local\bin\Labor Data Project_real\frontend\src\features\employer-profile\EmployerProfilePage.jsx,175,"<li><strong>Financial (1x):</strong> Revenue scale, asset cushion, and revenue-per-worker from 990 filings or SEC data.</li>",jsx_text_or_expr,"<li><strong>Financial (1x):</strong> Revenue scale, asset cushion, and revenue-per-worker from 990 filings or SEC data.</li>"
C:\Users\jakew\.local\bin\Labor Data Project_real\frontend\src\features\employer-profile\EmployerProfilePage.jsx,179,<li><strong>F-7:</strong> DOL Form LM-10/F-7 filings. Employers with union contracts are required to file these.</li>,jsx_text_or_expr,<li><strong>F-7:</strong> DOL Form LM-10/F-7 filings. Employers with union contracts are required to file these.</li>
C:\Users\jakew\.local\bin\Labor Data Project_real\frontend\src\features\employer-profile\EmployerProfilePage.jsx,180,<li><strong>OSHA:</strong> Occupational Safety and Health Administration inspection records.</li>,jsx_text_or_expr,<li><strong>OSHA:</strong> Occupational Safety and Health Administration inspection records.</li>
C:\Users\jakew\.local\bin\Labor Data Project_real\frontend\src\features\employer-profile\EmployerProfilePage.jsx,181,"<li><strong>NLRB:</strong> National Labor Relations Board case records -- election petitions, results, and unfair labor practice complaints.</li>",jsx_text_or_expr,"<li><strong>NLRB:</strong> National Labor Relations Board case records -- election petitions, results, and unfair labor practice complaints.</li>"
C:\Users\jakew\.local\bin\Labor Data Project_real\frontend\src\features\employer-profile\EmployerProfilePage.jsx,182,"<li><strong>WHD:</strong> Wage and Hour Division enforcement records -- wage theft, overtime, minimum wage investigations.</li>",jsx_text_or_expr,"<li><strong>WHD:</strong> Wage and Hour Division enforcement records -- wage theft, overtime, minimum wage investigations.</li>"
C:\Users\jakew\.local\bin\Labor Data Project_real\frontend\src\features\employer-profile\EmployerProfilePage.jsx,186,<p><strong>Confidence dots:</strong> How confident the system is that records from a data source were correctly matched to this employer. 4 dots = matched on unique ID (EIN or exact name + address). 3 dots = name + state or city. 2 dots = fuzzy name similarity + location. 1 dot = name similarity alone -- treat with caution.</p>,jsx_text_or_expr,<p><strong>Confidence dots:</strong> How confident the system is that records from a data source were correctly matched to this employer. 4 dots = matched on unique ID (EIN or exact name + address). 3 dots = name + state or city. 2 dots = fuzzy name similarity + location. 1 dot = name similarity alone -- treat with caution.</p>
C:\Users\jakew\.local\bin\Labor Data Project_real\frontend\src\features\employer-profile\EmployerProfilePage.jsx,187,<p><strong>Employee count range:</strong> Different databases collect employee counts at different times using different definitions. The platform shows the range across all sources so you can see the spread. The scoring system uses the average.</p>,jsx_text_or_expr,<p><strong>Employee count range:</strong> Different databases collect employee counts at different times using different definitions. The platform shows the range across all sources so you can see the spread. The scoring system uses the average.</p>
C:\Users\jakew\.local\bin\Labor Data Project_real\frontend\src\features\employer-profile\EmployerProfilePage.jsx,189,<ScorecardSection scorecard={scorecard} explanations={explanations} />,jsx_text_or_expr,<ScorecardSection scorecard={scorecard} explanations={explanations} />
C:\Users\jakew\.local\bin\Labor Data Project_real\frontend\src\features\employer-profile\EmployerProfilePage.jsx,191,<FinancialDataCard scorecard={scorecard} dataSources={dataSourcesQuery.data} />,jsx_text_or_expr,<FinancialDataCard scorecard={scorecard} dataSources={dataSourcesQuery.data} />
C:\Users\jakew\.local\bin\Labor Data Project_real\frontend\src\features\employer-profile\EmployerProfilePage.jsx,194,<NlrbSection nlrb={nlrb} />,jsx_text_or_expr,<NlrbSection nlrb={nlrb} />
C:\Users\jakew\.local\bin\Labor Data Project_real\frontend\src\features\employer-profile\EmployerProfilePage.jsx,195,<GovernmentContractsCard dataSources={dataSourcesQuery.data} />,jsx_text_or_expr,<GovernmentContractsCard dataSources={dataSourcesQuery.data} />
C:\Users\jakew\.local\bin\Labor Data Project_real\frontend\src\features\employer-profile\EmployerProfilePage.jsx,196,<OshaSection osha={osha} />,jsx_text_or_expr,<OshaSection osha={osha} />
C:\Users\jakew\.local\bin\Labor Data Project_real\frontend\src\features\employer-profile\FinancialDataCard.jsx,15,Financial overview,string_literal,const summary = growthPct != null ? `Industry growth: ${Number(growthPct).toFixed(1)}%` : 'Financial overview'
C:\Users\jakew\.local\bin\Labor Data Project_real\frontend\src\features\employer-profile\FinancialDataCard.jsx,18,Financial Data,string_literal,"<CollapsibleCard icon={TrendingUp} title=""Financial Data"" summary={summary}>"
C:\Users\jakew\.local\bin\Labor Data Project_real\frontend\src\features\employer-profile\FinancialDataCard.jsx,22,"<span className=""text-muted-foreground"">BLS Industry Growth</span>",jsx_text_or_expr,"<span className=""text-muted-foreground"">BLS Industry Growth</span>"
C:\Users\jakew\.local\bin\Labor Data Project_real\frontend\src\features\employer-profile\FinancialDataCard.jsx,23,"<div className=""font-medium"">{Number(growthPct).toFixed(1)}%</div>",jsx_text_or_expr,"<div className=""font-medium"">{Number(growthPct).toFixed(1)}%</div>"
C:\Users\jakew\.local\bin\Labor Data Project_real\frontend\src\features\employer-profile\FinancialDataCard.jsx,46,"<span className=""text-muted-foreground"">Financial Score</span>",jsx_text_or_expr,"<span className=""text-muted-foreground"">Financial Score</span>"
C:\Users\jakew\.local\bin\Labor Data Project_real\frontend\src\features\employer-profile\FinancialDataCard.jsx,49,"<div className=""h-full bg-red-400"" style={{ width: `${(financialScore / 10) * 100}%` }} />",jsx_text_or_expr,"<div className=""h-full bg-red-400"" style={{ width: `${(financialScore / 10) * 100}%` }} />"
C:\Users\jakew\.local\bin\Labor Data Project_real\frontend\src\features\employer-profile\FinancialDataCard.jsx,51,"<span className=""text-xs font-medium w-8"">{Number(financialScore).toFixed(1)}</span>",jsx_text_or_expr,"<span className=""text-xs font-medium w-8"">{Number(financialScore).toFixed(1)}</span>"
C:\Users\jakew\.local\bin\Labor Data Project_real\frontend\src\features\employer-profile\FlagModal.jsx,83,"<Button type=""button"" variant=""outline"" size=""sm"" onClick={onClose}>",jsx_text_or_expr,"<Button type=""button"" variant=""outline"" size=""sm"" onClick={onClose}>"
C:\Users\jakew\.local\bin\Labor Data Project_real\frontend\src\features\employer-profile\FlagModal.jsx,86,"<Button type=""submit"" size=""sm"" disabled={!flagType || mutation.isPending}>",jsx_text_or_expr,"<Button type=""submit"" size=""sm"" disabled={!flagType || mutation.isPending}>"
C:\Users\jakew\.local\bin\Labor Data Project_real\frontend\src\features\employer-profile\GovernmentContractsCard.jsx,20,Government Contracts,string_literal,"<CollapsibleCard icon={FileText} title=""Government Contracts"" summary={summary}>"
C:\Users\jakew\.local\bin\Labor Data Project_real\frontend\src\features\employer-profile\NlrbSection.jsx,65,NLRB Activity,string_literal,"<CollapsibleCard icon={Scale} title=""NLRB Activity"" summary={summaryText}>"
C:\Users\jakew\.local\bin\Labor Data Project_real\frontend\src\features\employer-profile\NlrbSection.jsx,108,"<td className=""px-3 py-2 text-right"">{formatNumber(el.voters_eligible || el.unit_size)}</td>",jsx_text_or_expr,"<td className=""px-3 py-2 text-right"">{formatNumber(el.voters_eligible || el.unit_size)}</td>"
C:\Users\jakew\.local\bin\Labor Data Project_real\frontend\src\features\employer-profile\OshaSection.jsx,49,OSHA Safety Record,string_literal,"<CollapsibleCard icon={ShieldAlert} title=""OSHA Safety Record"" summary={summaryText}>"
C:\Users\jakew\.local\bin\Labor Data Project_real\frontend\src\features\employer-profile\ProfileActionButtons.jsx,18,Score Tier,string_literal,"['Score Tier', scorecard?.score_tier || ''],"
C:\Users\jakew\.local\bin\Labor Data Project_real\frontend\src\features\employer-profile\ProfileActionButtons.jsx,19,Weighted Score,string_literal,"['Weighted Score', scorecard?.weighted_score || ''],"
C:\Users\jakew\.local\bin\Labor Data Project_real\frontend\src\features\employer-profile\ProfileActionButtons.jsx,20,OSHA Score,string_literal,"['OSHA Score', scorecard?.score_osha || ''],"
C:\Users\jakew\.local\bin\Labor Data Project_real\frontend\src\features\employer-profile\ProfileActionButtons.jsx,21,NLRB Score,string_literal,"['NLRB Score', scorecard?.score_nlrb || ''],"
C:\Users\jakew\.local\bin\Labor Data Project_real\frontend\src\features\employer-profile\ProfileActionButtons.jsx,22,WHD Score,string_literal,"['WHD Score', scorecard?.score_whd || ''],"
C:\Users\jakew\.local\bin\Labor Data Project_real\frontend\src\features\employer-profile\ProfileHeader.jsx,98,"<div className=""text-3xl font-bold"">{Number(weightedScore).toFixed(1)}</div>",jsx_text_or_expr,"<div className=""text-3xl font-bold"">{Number(weightedScore).toFixed(1)}</div>"
C:\Users\jakew\.local\bin\Labor Data Project_real\frontend\src\features\employer-profile\ProfileHeader.jsx,99,"<div className=""text-xs text-muted-foreground"">Weighted Score</div>",jsx_text_or_expr,"<div className=""text-xs text-muted-foreground"">Weighted Score</div>"
C:\Users\jakew\.local\bin\Labor Data Project_real\frontend\src\features\employer-profile\ProfileHeader.jsx,103,<ProfileActionButtons employer={employer} scorecard={scorecard} />,jsx_text_or_expr,<ProfileActionButtons employer={employer} scorecard={scorecard} />
C:\Users\jakew\.local\bin\Labor Data Project_real\frontend\src\features\employer-profile\ResearchNotesCard.jsx,101,"<Button variant=""outline"" size=""sm"" onClick={() => setShowForm(true)}>",jsx_text_or_expr,"<Button variant=""outline"" size=""sm"" onClick={() => setShowForm(true)}>"
C:\Users\jakew\.local\bin\Labor Data Project_real\frontend\src\features\employer-profile\ResearchNotesCard.jsx,136,"<Button type=""submit"" size=""sm"" disabled={!flagType || flagMutation.isPending}>",jsx_text_or_expr,"<Button type=""submit"" size=""sm"" disabled={!flagType || flagMutation.isPending}>"
C:\Users\jakew\.local\bin\Labor Data Project_real\frontend\src\features\employer-profile\ResearchNotesCard.jsx,139,"<Button type=""button"" variant=""outline"" size=""sm"" onClick={() => setShowForm(false)}>",jsx_text_or_expr,"<Button type=""button"" variant=""outline"" size=""sm"" onClick={() => setShowForm(false)}>"
C:\Users\jakew\.local\bin\Labor Data Project_real\frontend\src\features\employer-profile\ScorecardSection.jsx,5,score_union_proximity,string_literal,"{ key: 'score_union_proximity', label: 'Union Proximity', weight: '3x' },"
C:\Users\jakew\.local\bin\Labor Data Project_real\frontend\src\features\employer-profile\ScorecardSection.jsx,5,Union Proximity,string_literal,"{ key: 'score_union_proximity', label: 'Union Proximity', weight: '3x' },"
C:\Users\jakew\.local\bin\Labor Data Project_real\frontend\src\features\employer-profile\ScorecardSection.jsx,6,score_size,string_literal,"{ key: 'score_size', label: 'Employer Size', weight: '3x' },"
C:\Users\jakew\.local\bin\Labor Data Project_real\frontend\src\features\employer-profile\ScorecardSection.jsx,6,Employer Size,string_literal,"{ key: 'score_size', label: 'Employer Size', weight: '3x' },"
C:\Users\jakew\.local\bin\Labor Data Project_real\frontend\src\features\employer-profile\ScorecardSection.jsx,7,score_nlrb,string_literal,"{ key: 'score_nlrb', label: 'NLRB Activity', weight: '3x' },"
C:\Users\jakew\.local\bin\Labor Data Project_real\frontend\src\features\employer-profile\ScorecardSection.jsx,7,NLRB Activity,string_literal,"{ key: 'score_nlrb', label: 'NLRB Activity', weight: '3x' },"
C:\Users\jakew\.local\bin\Labor Data Project_real\frontend\src\features\employer-profile\ScorecardSection.jsx,8,score_contracts,string_literal,"{ key: 'score_contracts', label: 'Gov Contracts', weight: '2x' },"
C:\Users\jakew\.local\bin\Labor Data Project_real\frontend\src\features\employer-profile\ScorecardSection.jsx,8,Gov Contracts,string_literal,"{ key: 'score_contracts', label: 'Gov Contracts', weight: '2x' },"
C:\Users\jakew\.local\bin\Labor Data Project_real\frontend\src\features\employer-profile\ScorecardSection.jsx,9,score_industry_growth,string_literal,"{ key: 'score_industry_growth', label: 'Industry Growth', weight: '2x' },"
C:\Users\jakew\.local\bin\Labor Data Project_real\frontend\src\features\employer-profile\ScorecardSection.jsx,9,Industry Growth,string_literal,"{ key: 'score_industry_growth', label: 'Industry Growth', weight: '2x' },"
C:\Users\jakew\.local\bin\Labor Data Project_real\frontend\src\features\employer-profile\ScorecardSection.jsx,10,score_similarity,string_literal,"{ key: 'score_similarity', label: 'Peer Similarity', weight: null, disabled: true },"
C:\Users\jakew\.local\bin\Labor Data Project_real\frontend\src\features\employer-profile\ScorecardSection.jsx,10,Peer Similarity,string_literal,"{ key: 'score_similarity', label: 'Peer Similarity', weight: null, disabled: true },"
C:\Users\jakew\.local\bin\Labor Data Project_real\frontend\src\features\employer-profile\ScorecardSection.jsx,11,score_osha,string_literal,"{ key: 'score_osha', label: 'OSHA Safety', weight: '1x' },"
C:\Users\jakew\.local\bin\Labor Data Project_real\frontend\src\features\employer-profile\ScorecardSection.jsx,11,OSHA Safety,string_literal,"{ key: 'score_osha', label: 'OSHA Safety', weight: '1x' },"
C:\Users\jakew\.local\bin\Labor Data Project_real\frontend\src\features\employer-profile\ScorecardSection.jsx,12,score_whd,string_literal,"{ key: 'score_whd', label: 'Wage & Hour', weight: '1x' },"
C:\Users\jakew\.local\bin\Labor Data Project_real\frontend\src\features\employer-profile\ScorecardSection.jsx,13,score_financial,string_literal,"{ key: 'score_financial', label: 'Financial', weight: '1x' },"
C:\Users\jakew\.local\bin\Labor Data Project_real\frontend\src\features\employer-profile\ScorecardSection.jsx,13,Financial,string_literal,"{ key: 'score_financial', label: 'Financial', weight: '1x' },"
C:\Users\jakew\.local\bin\Labor Data Project_real\frontend\src\features\employer-profile\ScorecardSection.jsx,46,"{weight && <span className=""ml-1 text-xs text-muted-foreground"">({weight})</span>}",jsx_text_or_expr,"{weight && <span className=""ml-1 text-xs text-muted-foreground"">({weight})</span>}"
C:\Users\jakew\.local\bin\Labor Data Project_real\frontend\src\features\employer-profile\ScorecardSection.jsx,77,<CardTitle>Organizing Scorecard</CardTitle>,jsx_text_or_expr,<CardTitle>Organizing Scorecard</CardTitle>
C:\Users\jakew\.local\bin\Labor Data Project_real\frontend\src\features\employer-profile\UnionRelationshipsCard.jsx,40,"<span className=""text-muted-foreground"">Bargaining Unit Size</span>",jsx_text_or_expr,"<span className=""text-muted-foreground"">Bargaining Unit Size</span>"
C:\Users\jakew\.local\bin\Labor Data Project_real\frontend\src\features\employer-profile\UnionRelationshipsCard.jsx,41,"<div className=""font-medium"">{Number(unitSize).toLocaleString()}</div>",jsx_text_or_expr,"<div className=""font-medium"">{Number(unitSize).toLocaleString()}</div>"
C:\Users\jakew\.local\bin\Labor Data Project_real\frontend\src\features\employer-profile\WhdCard.jsx,77,"<Button variant=""outline"" size=""sm"" onClick={() => setShowAll(true)}>",jsx_text_or_expr,"<Button variant=""outline"" size=""sm"" onClick={() => setShowAll(true)}>"
C:\Users\jakew\.local\bin\Labor Data Project_real\frontend\src\features\research\DossierHeader.jsx,50,"<Button variant=""outline"" size=""sm"" className=""gap-1.5"" onClick={onRunAgain}>",jsx_text_or_expr,"<Button variant=""outline"" size=""sm"" className=""gap-1.5"" onClick={onRunAgain}>"
C:\Users\jakew\.local\bin\Labor Data Project_real\frontend\src\features\research\DossierSection.jsx,11,Workplace Safety,string_literal,"workplace:  { icon: HardHat,        label: 'Workplace Safety',    defaultOpen: false },"
C:\Users\jakew\.local\bin\Labor Data Project_real\frontend\src\features\research\DossierSection.jsx,12,Financial,string_literal,"financial:  { icon: DollarSign,     label: 'Financial',           defaultOpen: false },"
C:\Users\jakew\.local\bin\Labor Data Project_real\frontend\src\features\research\DossierSection.jsx,20,NLRB Elections,string_literal,"company_type: 'Type', union_names: 'Unions Present', nlrb_election_count: 'NLRB Elections',"
C:\Users\jakew\.local\bin\Labor Data Project_real\frontend\src\features\research\DossierSection.jsx,21,Union Contracts,string_literal,"nlrb_ulp_count: 'ULP Charges', existing_contracts: 'Union Contracts',"
C:\Users\jakew\.local\bin\Labor Data Project_real\frontend\src\features\research\DossierSection.jsx,23,OSHA Violations,string_literal,"osha_violation_count: 'OSHA Violations', osha_serious_count: 'Serious Violations',"
C:\Users\jakew\.local\bin\Labor Data Project_real\frontend\src\features\research\DossierSection.jsx,26,Federal Contracts,string_literal,"demographic_profile: 'Demographics', federal_contract_count: 'Federal Contracts',"
C:\Users\jakew\.local\bin\Labor Data Project_real\frontend\src\features\research\NewResearchModal.jsx,105,"<Button type=""button"" variant=""outline"" size=""sm"" onClick={onClose}>",jsx_text_or_expr,"<Button type=""button"" variant=""outline"" size=""sm"" onClick={onClose}>"
C:\Users\jakew\.local\bin\Labor Data Project_real\frontend\src\features\research\NewResearchModal.jsx,108,"<Button type=""submit"" size=""sm"" disabled={!companyName.trim() || isPending}>",jsx_text_or_expr,"<Button type=""submit"" size=""sm"" disabled={!companyName.trim() || isPending}>"
C:\Users\jakew\.local\bin\Labor Data Project_real\frontend\src\features\research\ResearchFilters.jsx,50,"<Button variant=""ghost"" size=""sm"" onClick={onClearAll} className=""gap-1 text-muted-foreground"">",jsx_text_or_expr,"<Button variant=""ghost"" size=""sm"" onClick={onClearAll} className=""gap-1 text-muted-foreground"">"
C:\Users\jakew\.local\bin\Labor Data Project_real\frontend\src\features\research\ResearchPage.jsx,44,"<Button size=""sm"" className=""gap-1.5"" onClick={() => setModalOpen(true)}>",jsx_text_or_expr,"<Button size=""sm"" className=""gap-1.5"" onClick={() => setModalOpen(true)}>"
C:\Users\jakew\.local\bin\Labor Data Project_real\frontend\src\features\research\ResearchPage.jsx,52,"<p><strong>What you get:</strong> ~30 facts across 7 sections covering identity, labor history, financial standing, government contracts, legal actions, industry context, and an overall assessment.</p>",jsx_text_or_expr,"<p><strong>What you get:</strong> ~30 facts across 7 sections covering identity, labor history, financial standing, government contracts, legal actions, industry context, and an overall assessment.</p>"
C:\Users\jakew\.local\bin\Labor Data Project_real\frontend\src\features\research\ResearchPage.jsx,86,"<Button size=""sm"" className=""gap-1.5"" onClick={() => setModalOpen(true)}>",jsx_text_or_expr,"<Button size=""sm"" className=""gap-1.5"" onClick={() => setModalOpen(true)}>"
C:\Users\jakew\.local\bin\Labor Data Project_real\frontend\src\features\research\ResearchResultPage.jsx,16,financial,string_literal,"'financial',"
C:\Users\jakew\.local\bin\Labor Data Project_real\frontend\src\features\research\ResearchResultPage.jsx,57,"<Button variant=""ghost"" size=""sm"" onClick={handleBack} className=""gap-1.5"">",jsx_text_or_expr,"<Button variant=""ghost"" size=""sm"" onClick={handleBack} className=""gap-1.5"">"
C:\Users\jakew\.local\bin\Labor Data Project_real\frontend\src\features\research\ResearchResultPage.jsx,70,"<Button variant=""ghost"" size=""sm"" onClick={handleBack} className=""gap-1.5"">",jsx_text_or_expr,"<Button variant=""ghost"" size=""sm"" onClick={handleBack} className=""gap-1.5"">"
C:\Users\jakew\.local\bin\Labor Data Project_real\frontend\src\features\research\ResearchResultPage.jsx,89,"<Button variant=""ghost"" size=""sm"" onClick={handleBack} className=""gap-1.5"">",jsx_text_or_expr,"<Button variant=""ghost"" size=""sm"" onClick={handleBack} className=""gap-1.5"">"
C:\Users\jakew\.local\bin\Labor Data Project_real\frontend\src\features\research\ResearchResultPage.jsx,99,"<Button variant=""outline"" size=""sm"" onClick={() => statusQuery.refetch()}>",jsx_text_or_expr,"<Button variant=""outline"" size=""sm"" onClick={() => statusQuery.refetch()}>"
C:\Users\jakew\.local\bin\Labor Data Project_real\frontend\src\features\research\ResearchResultPage.jsx,112,"<Button variant=""ghost"" size=""sm"" onClick={handleBack} className=""gap-1.5"">",jsx_text_or_expr,"<Button variant=""ghost"" size=""sm"" onClick={handleBack} className=""gap-1.5"">"
C:\Users\jakew\.local\bin\Labor Data Project_real\frontend\src\features\research\ResearchResultPage.jsx,136,"{result.quality_score.toFixed(1)}<span className=""text-sm font-normal text-muted-foreground"">/10</span>",jsx_text_or_expr,"{result.quality_score.toFixed(1)}<span className=""text-sm font-normal text-muted-foreground"">/10</span>"
C:\Users\jakew\.local\bin\Labor Data Project_real\frontend\src\features\research\ResearchResultPage.jsx,152,"<span className=""w-28 text-muted-foreground shrink-0"">{label} <span className=""text-xs"">({weight})</span></span>",jsx_text_or_expr,"<span className=""w-28 text-muted-foreground shrink-0"">{label} <span className=""text-xs"">({weight})</span></span>"
C:\Users\jakew\.local\bin\Labor Data Project_real\frontend\src\features\scorecard\QualityIndicator.jsx,20,"<span className=""text-sm font-medium tabular-nums w-7 text-right"">{score}</span>",jsx_text_or_expr,"<span className=""text-sm font-medium tabular-nums w-7 text-right"">{score}</span>"
C:\Users\jakew\.local\bin\Labor Data Project_real\frontend\src\features\scorecard\TargetsFilters.jsx,117,"<Button variant=""ghost"" size=""sm"" onClick={onClearAll} className=""text-xs"">",jsx_text_or_expr,"<Button variant=""ghost"" size=""sm"" onClick={onClearAll} className=""text-xs"">"
C:\Users\jakew\.local\bin\Labor Data Project_real\frontend\src\features\scorecard\TargetsTable.jsx,96,data_quality_score,string_literal,"accessorKey: 'data_quality_score',"
C:\Users\jakew\.local\bin\Labor Data Project_real\frontend\src\features\scorecard\TargetsTable.jsx,97,"cell: ({ getValue }) => <QualityIndicator score={getValue()} />,",jsx_text_or_expr,"cell: ({ getValue }) => <QualityIndicator score={getValue()} />,"
C:\Users\jakew\.local\bin\Labor Data Project_real\frontend\src\features\search\SearchFilters.jsx,12,NLRB,string_literal,"{ value: 'NLRB', label: 'NLRB (Elections)' },"
C:\Users\jakew\.local\bin\Labor Data Project_real\frontend\src\features\search\SearchFilters.jsx,12,NLRB (Elections),string_literal,"{ value: 'NLRB', label: 'NLRB (Elections)' },"
C:\Users\jakew\.local\bin\Labor Data Project_real\frontend\src\features\search\SearchFilters.jsx,60,score_tier,string_literal,"filters.score_tier && { key: 'score_tier', label: `Tier: ${filters.score_tier}` },"
C:\Users\jakew\.local\bin\Labor Data Project_real\frontend\src\features\search\SearchFilters.jsx,162,score_tier,string_literal,"onChange={(e) => onSetFilter('score_tier', e.target.value)}"
C:\Users\jakew\.local\bin\Labor Data Project_real\frontend\src\features\search\SearchPage.jsx,79,<li><strong>Employee size:</strong> Filter to employers within a size range (e.g. 100-500).</li>,jsx_text_or_expr,<li><strong>Employee size:</strong> Filter to employers within a size range (e.g. 100-500).</li>
C:\Users\jakew\.local\bin\Labor Data Project_real\frontend\src\features\search\SearchPage.jsx,80,"<li><strong>Score tier:</strong> Show only employers in a specific tier (Priority, Strong, etc.).</li>",jsx_text_or_expr,"<li><strong>Score tier:</strong> Show only employers in a specific tier (Priority, Strong, etc.).</li>"
C:\Users\jakew\.local\bin\Labor Data Project_real\frontend\src\features\search\SearchPage.jsx,82,"<li><strong>Union status:</strong> Show only employers with existing union contracts, or only those without.</li>",jsx_text_or_expr,"<li><strong>Union status:</strong> Show only employers with existing union contracts, or only those without.</li>"
C:\Users\jakew\.local\bin\Labor Data Project_real\frontend\src\features\search\SearchPage.jsx,99,"<Button variant=""outline"" size=""sm"" onClick={() => handleSearch(filters.q)}>",jsx_text_or_expr,"<Button variant=""outline"" size=""sm"" onClick={() => handleSearch(filters.q)}>"
C:\Users\jakew\.local\bin\Labor Data Project_real\frontend\src\features\search\SearchPage.jsx,155,"<Button variant=""outline"" size=""sm"" disabled={page <= 1} onClick={() => setPage(page - 1)}>",jsx_text_or_expr,"<Button variant=""outline"" size=""sm"" disabled={page <= 1} onClick={() => setPage(page - 1)}>"
C:\Users\jakew\.local\bin\Labor Data Project_real\frontend\src\features\search\SearchPage.jsx,158,"<span className=""text-sm text-muted-foreground"">Page {page} of {Math.ceil(data.total / PAGE_SIZE)}</span>",jsx_text_or_expr,"<span className=""text-sm text-muted-foreground"">Page {page} of {Math.ceil(data.total / PAGE_SIZE)}</span>"
C:\Users\jakew\.local\bin\Labor Data Project_real\frontend\src\features\search\SearchPage.jsx,159,"<Button variant=""outline"" size=""sm"" disabled={page >= Math.ceil(data.total / PAGE_SIZE)} onClick={() => setPage(page + 1)}>",jsx_text_or_expr,"<Button variant=""outline"" size=""sm"" disabled={page >= Math.ceil(data.total / PAGE_SIZE)} onClick={() => setPage(page + 1)}>"
C:\Users\jakew\.local\bin\Labor Data Project_real\frontend\src\features\search\useSearchState.js,4,score_tier,string_literal,"const PARAM_KEYS = ['q', 'state', 'naics', 'source_type', 'has_union', 'min_workers', 'max_workers', 'score_tier', 'page']"
C:\Users\jakew\.local\bin\Labor Data Project_real\frontend\src\features\search\useSearchState.js,20,score_tier,string_literal,"score_tier: searchParams.get('score_tier') || '',"
C:\Users\jakew\.local\bin\Labor Data Project_real\frontend\src\features\union-explorer\UnionElectionsSection.jsx,29,"<CardTitle className=""text-lg"">NLRB Elections</CardTitle>",jsx_text_or_expr,"<CardTitle className=""text-lg"">NLRB Elections</CardTitle>"
C:\Users\jakew\.local\bin\Labor Data Project_real\frontend\src\features\union-explorer\UnionElectionsSection.jsx,56,"<th className=""px-3 py-2 text-right font-medium text-muted-foreground"">Unit Size</th>",jsx_text_or_expr,"<th className=""px-3 py-2 text-right font-medium text-muted-foreground"">Unit Size</th>"
C:\Users\jakew\.local\bin\Labor Data Project_real\frontend\src\features\union-explorer\UnionElectionsSection.jsx,68,"<td className=""px-3 py-2 text-right tabular-nums"">{formatNumber(el.unit_size)}</td>",jsx_text_or_expr,"<td className=""px-3 py-2 text-right tabular-nums"">{formatNumber(el.unit_size)}</td>"
C:\Users\jakew\.local\bin\Labor Data Project_real\frontend\src\features\union-explorer\UnionFilters.jsx,98,"<Button variant=""ghost"" size=""sm"" onClick={onClearAll} className=""text-xs"">",jsx_text_or_expr,"<Button variant=""ghost"" size=""sm"" onClick={onClearAll} className=""text-xs"">"
C:\Users\jakew\.local\bin\Labor Data Project_real\frontend\src\features\union-explorer\UnionFinancialsSection.jsx,22,"<CardTitle className=""text-lg"">Financial Trends</CardTitle>",jsx_text_or_expr,"<CardTitle className=""text-lg"">Financial Trends</CardTitle>"
C:\Users\jakew\.local\bin\Labor Data Project_real\frontend\src\features\union-explorer\UnionProfilePage.jsx,15,./UnionFinancialsSection,string_literal,import { UnionFinancialsSection } from './UnionFinancialsSection'
C:\Users\jakew\.local\bin\Labor Data Project_real\frontend\src\features\union-explorer\UnionProfilePage.jsx,84,<UnionElectionsSection elections={nlrbElections} />,jsx_text_or_expr,<UnionElectionsSection elections={nlrbElections} />
C:\Users\jakew\.local\bin\Labor Data Project_real\frontend\src\features\union-explorer\UnionProfilePage.jsx,85,<UnionFinancialsSection trends={financialTrends} />,jsx_text_or_expr,<UnionFinancialsSection trends={financialTrends} />
