uml_id,band,source_system,match_method,confidence_score,source_id,source_name,source_city,source_state,target_id,target_name,target_city,target_state,name_similarity,state_match,city_match,triage,manual_label,manual_notes
1393051,HIGH,osha,FUZZY_SPLINK_ADAPTIVE,0.999,0c2189bbe51e1da0641bcf4566c07133,"IMPALA CONTRACTORS, INC",WASHINGTON,DC,799d7ad99356ede9,General Utility Contractors,Washington,DC,0.622,True,True,REVIEW_MEDIUM_RISK,Needs Human Review,
1591747,HIGH,osha,NAME_CITY_STATE_EXACT,0.950,e296cd5012c9b224023ab1aa3042035e,DELTA WESTERN INC.,DUTCH HARBOR,AK,8bc6b2752e5c8c31,Delta Western Inc.,Dutch Harbor,AK,1.0,True,True,LOW_RISK,Likely Correct,
1622867,HIGH,osha,FUZZY_SPLINK_ADAPTIVE,0.999,edc573eb3f528b52cee24b8f6b865b70,SWINERTON BUILDERS,KAPOLEI,HI,986b38ab4b6e2ee1,Road Builders Corporation,Kapolei,HI,0.71,True,True,LOW_RISK,Needs Human Review,
2554012,HIGH,sam,NAME_CITY_STATE_EXACT,0.950,ZK7SHNPA2LQ3,CITY OF WICHITA,WICHITA,KS,74dfd4c7ecbd00f1,City of Wichita,Wichita,KS,1.0,True,True,LOW_RISK,Likely Correct,
2234680,HIGH,990,FUZZY_SPLINK_ADAPTIVE,0.998,501735,NORTH CAROLINA CROP IMPROVEMENT ASSOCIATION INC,RALEIGH,NC,2d4c92acc89d2925,North Carolina Association of Educators,Raleigh,NC,0.658,True,True,LOW_RISK,Needs Human Review,
1399499,HIGH,osha,FUZZY_SPLINK_ADAPTIVE,0.999,2d2db487be950a5407ee25d480de41d8,HUNTER CONSTRUCTION CO,MIDLAND,MI,dec4a17d715aed56,Magnum Construction Co. Inc.,Midland,MI,0.737,True,True,LOW_RISK,Needs Human Review,
1533821,HIGH,osha,FUZZY_SPLINK_ADAPTIVE,0.993,418a374f8e06f470764ace7bfe3d7361,LAVADI GENERAL CORP,BROOKLYN,NY,a99f567bc1017cac,LoSardo General Contractors Inc.,Brooklyn,NY,0.537,True,True,REVIEW_MEDIUM_RISK,Needs Human Review,
1390650,HIGH,osha,NAME_CITY_STATE_EXACT,0.950,3f2405eb7b45f091490519c9a8c9c1e8,MCCAIN FOODS USA INC.,BURLEY,ID,35d2fe0ea9ab0df1,"McCain Foods, USA, Inc.",Burley,ID,1.0,True,True,LOW_RISK,Likely Correct,
1526932,HIGH,osha,NAME_STATE_EXACT,0.900,5879da3361091df279f68cd2699d2fc5,CALMAT CO,NAPA,CA,c360d0d33581ab19,Calmat Co. DBA Shamrock Materials Inc.,Irwindale,CA,0.387,True,False,REVIEW_HIGH_RISK,Likely Incorrect,Low name similarity in active high/medium set.
2411602,HIGH,sam,NAME_STATE_EXACT,0.900,KP2SCPU3W6K9,EASTERN ILLINOIS UNIVERSITY,CHARLESTON,IL,4e1d1293d1036416,Eastern Illinois University ,Charleston ,IL,1.0,True,True,LOW_RISK,Likely Correct,
1392250,HIGH,osha,FUZZY_SPLINK_ADAPTIVE,0.993,063beb27c1075a0908cc31d8805f2c6f,CREW R CONSTRUCTION INC,PASCO,WA,76af623e33f58940,Randolph Construction Services Inc,Pasco,WA,0.7,True,True,LOW_RISK,Needs Human Review,
2288648,HIGH,whd,FUZZY_SPLINK_ADAPTIVE,1.000,1580381,Struc-Tite Restoration Inc.,Brookhaven,PA,7fb5e2ae8fdd3e82,Struct-Tite Restoration Inc.,Upland,PA,0.978,True,False,LOW_RISK,Likely Correct,
1564877,HIGH,osha,NAME_CITY_STATE_EXACT,0.950,988489d19b35cbf98b485f4037207bd5,RAHWAY VALLEY SEWERAGE AUTHORITY,RAHWAY,NJ,eff6f056200218f7,Rahway Valley Sewerage Authority,Rahway,NJ,1.0,True,True,LOW_RISK,Likely Correct,
1388814,HIGH,osha,NAME_CITY_STATE_EXACT,0.950,3427837151f7737dcd71ee1ddca1997d,ADRIAN COLLEGE,ADRIAN,MI,6f34422284f2d78f,ADRIAN COLLEGE,Adrian,MI,1.0,True,True,LOW_RISK,Likely Correct,
2278438,HIGH,whd,NAME_CITY_STATE_EXACT,0.950,1727430,Mercury Marine,Fond du Lac,WI,e48c22c6d1f7a4e6,Mercury Marine,Fond du Lac,WI,1.0,True,True,LOW_RISK,Likely Correct,
2508712,HIGH,sam,FUZZY_SPLINK_ADAPTIVE,1.000,R52XBWC9F6N3,MORTON JUNIOR COLLEGE DISTRICT NO 527,CICERO,IL,2b3d10258908901c,Morton College District #527,Cicero ,IL,0.844,True,True,LOW_RISK,Likely Correct,
1612940,HIGH,osha,FUZZY_SPLINK_ADAPTIVE,0.999,d03eaa71e094b8f8d6d44eb3b33a5366,VENTURE CONSTRUCTION COMPANY,PITTSBURGH,PA,39afff13701ca97b,Lane Construction Corporation,Pittsburgh,PA,0.811,True,True,LOW_RISK,Likely Correct,
2211494,HIGH,990,FUZZY_SPLINK_ADAPTIVE,0.998,385761,QUERIDO FOUNDATION,NEW YORK,NY,fedaf55ba5a03cdc,Midori Foundation Inc.,New York,NY,0.8,True,True,LOW_RISK,Likely Correct,
2229509,HIGH,990,EIN_EXACT,1.000,246494,NEW JERSEY GLASS AND METAL CONTRACTORS ASSOCIATION INC,GLEN ROCK,NJ,25d064d2afd5b0a6,New Jersey Glass & Metal Contractors Association ,Glen Rock,NJ,1.0,True,True,LOW_RISK,Likely Correct,
1397560,HIGH,osha,FUZZY_SPLINK_ADAPTIVE,0.993,22a57817617a88ddfb1525e090f7813d,SCHEIBEL CONSTRUCTION INC.,MANASSAS,VA,db3f760406d44215,Williams Construction Services,Manassas,VA,0.667,True,True,LOW_RISK,Needs Human Review,
2556538,HIGH,sam,FUZZY_SPLINK_ADAPTIVE,1.000,ZL6YUYB5Z173,UAW- LABOR EMPLOYMENT AND TRAINING CORPORATION,CERRITOS,CA,41a5b76fdf247076,UAW-LETC Labor Employment and Training Companay,Cerritos,CA,0.806,True,True,LOW_RISK,Likely Correct,
2231984,HIGH,990,EIN_EXACT,1.000,474720,MECHANICAL CONTRACTORS ASSOC OF NY INC,NEW YORK,NY,a5bbb7c292cd7ac5,EPIC MECHANICAL CONTRACTORS LLC,COMMACK,NY,0.759,True,False,LOW_RISK,Likely Correct,
1558853,HIGH,osha,NAME_STATE_EXACT,0.900,86067184605a37edd1e044bf4204c295,SOCIAL SECURITY ADMINISTRATION,EVANSVILLE,IN,91b8636b669a3908,Social Security Administration,Indianapolis,IN,1.0,True,False,LOW_RISK,Likely Correct,
1592347,HIGH,osha,FUZZY_SPLINK_ADAPTIVE,0.999,9f73d42bdd24a80067016dae6ac9afe5,DAVID ESCOBAR CONSTRUCTION,CANONSBURG,PA,20eada68efae3680,Nicholson Construction,Canonsburg,PA,0.667,True,True,LOW_RISK,Needs Human Review,
1387971,HIGH,osha,NAME_STATE_EXACT,0.900,2ef9ade70cd3de8286d3571c7244c67b,FRESNO TRUCK CENTER,BAKERSFIELD,CA,9f32008564c0c505,Fresno Truck Center,Fresno,CA,1.0,True,False,LOW_RISK,Likely Correct,
2230303,HIGH,990,EIN_EXACT,1.000,276167,Working Partnerships Inc,MINNEAPOLIS,MN,ec1ad25103eb9e50,Working Partnerships,Minneapolis,MN,1.0,True,True,LOW_RISK,Likely Correct,
2231380,HIGH,990,EIN_EXACT,1.000,449670,THE BARTON MALOW FOUNDATION,SOUTHFIELD,MI,6814ff1f88f23174,Great Lakes States Boilermaker Employers,Southfield,MI,0.19,True,True,REVIEW_HIGH_RISK,Likely Incorrect,Low name similarity in active high/medium set.
1522953,HIGH,osha,NAME_CITY_STATE_EXACT,0.950,406dc6b0da00cf5ecf0a6a044c15085d,ANCHORAGE SCHOOL DISTRICT,ANCHORAGE,AK,175188332d948a9e,Anchorage School District ,Anchorage,AK,1.0,True,True,LOW_RISK,Likely Correct,
2284475,HIGH,whd,FUZZY_SPLINK_ADAPTIVE,1.000,1449629,Rail Temps - AK Steel/Middletown Works,Middletown,OH,f38819a2b75bea95,"AK Steel Corporation, Middletown Works",Middletown,OH,0.82,True,True,LOW_RISK,Likely Correct,
2457889,HIGH,sam,NAME_STATE_EXACT,0.900,L9LDW5GZ3LP5,PERALTA COMMUNITY COLLEGE DISTRICT,BERKELEY,CA,a6b1a80a5c0fc67e,Peralta Community College District,Oakland,CA,1.0,True,False,LOW_RISK,Likely Correct,
2365277,HIGH,sam,FUZZY_SPLINK_ADAPTIVE,0.993,ELF1YBJ471C7,PRINCE WILLIAM COUNTY,MANASSAS,VA,db3f760406d44215,Williams Construction Services,Manassas,VA,0.571,True,True,REVIEW_MEDIUM_RISK,Needs Human Review,
1573326,HIGH,osha,NAME_CITY_STATE_EXACT,0.950,b394688aa4d3a76561df72db78f74b5f,HORIZON LINES OF ALASKA LLC,ANCHORAGE,AK,4f0275c0cd933466,"Horizon Lines of Alaska, LLC",Anchorage,AK,1.0,True,True,LOW_RISK,Likely Correct,
2209198,HIGH,990,EIN_EXACT,1.000,375028,THE WAY BACK INC,PORT JEFFERSON,NY,933c006f167d930b,"The Way Back, Inc.",Port Jefferson,NY,1.0,True,True,LOW_RISK,Likely Correct,
2021605,HIGH,sec,EIN_EXACT,1.000,1477381,"Headwaters Resources, Inc.",SOUTH JORDAN,UT,ffedb55608014235,Headwaters Resources Inc.,South Jordan,UT,1.0,True,True,LOW_RISK,Likely Correct,
2282500,HIGH,whd,NAME_STATE_EXACT,0.900,1982395,Granite Construction,CARLSBAD,CA,6593356732deec26,Granite Construction,Fresno,CA,1.0,True,False,LOW_RISK,Likely Correct,
1543618,HIGH,osha,FUZZY_SPLINK_ADAPTIVE,0.998,72f85fa9c5d166def0cbfec9d9aa3f17,CANNON CONSTRUCTION INC.,PORTLAND,OR,0bc1a54651ebf23b,Canron Western Constructors Inc,Portland,OR,0.696,True,True,LOW_RISK,Needs Human Review,
2291314,HIGH,whd,FUZZY_SPLINK_ADAPTIVE,1.000,1989688,First Student - Whitman,WHITMAN,MA,845c85896881d951,First Student,Whitman,MA,0.765,True,True,LOW_RISK,Likely Correct,
1391574,HIGH,osha,FUZZY_SPLINK_ADAPTIVE,0.993,03cc6666f82de361074b44458b80654c,ROUTE & ROTA CONSTRUCTION INC.,WASHINGTON,DC,054bd96587243ad6,Railroad Construction Cos,WASHINGTON,DC,0.667,True,True,LOW_RISK,Needs Human Review,
2253353,HIGH,990,EIN_EXACT,1.000,584949,MISSOURI NEA CHARITABLE FUND,JEFFERSON CITY,MO,de8dcbf4078bb7ce,Missouri National Education Association,Jefferson City,MO,0.507,True,True,REVIEW_MEDIUM_RISK,Needs Human Review,
2461772,HIGH,sam,FUZZY_SPLINK_ADAPTIVE,1.000,MJNKQ232WE57,SCHENECTADY COUNTY COMMUNITY COLLEGE,SCHENECTADY,NY,b07c39aac7e19840,Schenectady Community Action Program Inc.,Schenectady,NY,0.694,True,True,LOW_RISK,Needs Human Review,
2040655,HIGH,sec,FUZZY_SPLINK_ADAPTIVE,0.992,1663277,"AbsoluteCARE, Inc.",OWINGS MILLS,MD,86d4bcff7d5262f4,Absolute I&D,,,0.667,True,True,LOW_RISK,Needs Human Review,
1538118,HIGH,osha,FUZZY_SPLINK_ADAPTIVE,1.000,58be65432dade7d880155bff182e58e6,"MIDDLETOWN TOWNSHIP FIRE COMPANY #1, PPE",MIDDLETOWN,NJ,bacec543fb18cb87,Middletown Township Board of Education,Middletown,NJ,0.646,True,True,REVIEW_MEDIUM_RISK,Needs Human Review,
2230523,HIGH,990,EIN_EXACT,1.000,286754,FIRST STATE HEADQUARTERS,HARBESON,DE,07aed40e3c65e643,"Peachtree Health Group, LLC",Harbeson,DE,0.35,True,True,REVIEW_HIGH_RISK,Likely Incorrect,Low name similarity in active high/medium set.
2229037,HIGH,990,EIN_EXACT,1.000,222805,Brattleboro Memorial Hospital,BRATTLEBORO,VT,399aad56dbc01b2b,Brattleboro Memorial Hospital,Brattleboro,VT,1.0,True,True,LOW_RISK,Likely Correct,
2209017,HIGH,990,EIN_EXACT,1.000,36825,KANSAS CITY BALLET ASSOCIATION,KANSAS CITY,MO,2b0a6060db035ebb,Kansas City Ballet,Kansas City,MO,0.75,True,True,LOW_RISK,Likely Correct,
2140257,HIGH,990,EIN_EXACT,1.000,152784,Yakima County Medical Society,YAKIMA,WA,673189d716e75837,Yakima County,Yakima,WA,0.619,True,True,REVIEW_MEDIUM_RISK,Needs Human Review,
1560822,HIGH,osha,NAME_STATE_EXACT,0.900,8bf3b543168f31d425c255325381daa6,SALINASIDENCE OPCO LLC,SALINAS,CA,1b72e6a84eab4419,Salinasidence Opco LLC,San Francisco,CA,1.0,True,False,LOW_RISK,Likely Correct,
1391049,HIGH,osha,FUZZY_SPLINK_ADAPTIVE,0.993,018beecbd9c129656bf00b85f81ba0fb,COLE MAINTENANCE INC.,BUFFALO,NY,2f0c1dbc799d29a5,First Class Maintenance,Buffalo,NY,0.718,True,True,LOW_RISK,Needs Human Review,
2096558,HIGH,sec,EIN_EXACT,1.000,943605,SOURCE INTERLINK COMPANIES INC,BONITA SPRINGS,FL,5f65339a667e6559,Source Interlink Companies ,Bonita Springs,FL,1.0,True,True,LOW_RISK,Likely Correct,
2281016,HIGH,whd,NAME_CITY_STATE_EXACT,0.950,1929930,Massachusetts Teachers Association,Quincy,MA,4bcd541549f4e38b,Massachusetts Teachers Association,Quincy,MA,1.0,True,True,LOW_RISK,Likely Correct,
2230475,HIGH,990,EIN_EXACT,1.000,284206,COMMUNITY TRUST,HUTCHINSON,MN,3d0b20eb9a49a9b0,Idea Comm,St. Paul,MN,0.333,True,False,REVIEW_HIGH_RISK,Likely Incorrect,Low name similarity in active high/medium set.
2095447,HIGH,sec,EIN_EXACT,1.000,886761,EQUITRAC CORPORATION,CORAL GABLES,FL,19b31e2cafd1a61e,Equitrac Corporation,Plantation,FL,1.0,True,False,LOW_RISK,Likely Correct,
1585125,HIGH,osha,FUZZY_SPLINK_ADAPTIVE,0.999,8fee36de713ece0beb63c4e8c82a957d,WA317972140 - HILLTOP CONCRETE CONSTRUCTION LLC,REDMOND,WA,09c2f8c1d8dc49c7,Emils Concrete Construction Co.,Redmond,WA,0.706,True,True,LOW_RISK,Needs Human Review,
2361745,HIGH,sam,NAME_CITY_STATE_EXACT,0.950,DCNBBARTU1G7,MCLAREN GREATER LANSING,LANSING,MI,4d36be871139c17f,McLaren Greater Lansing,Lansing,MI,1.0,True,True,LOW_RISK,Likely Correct,
2291444,HIGH,whd,FUZZY_SPLINK_ADAPTIVE,0.993,1987700,Associated Construction,LOS ANGELES,CA,4c33d9653df3b8b2,Clune Construction Company,Los Angeles,CA,0.732,True,True,LOW_RISK,Needs Human Review,
2361758,HIGH,sam,NAME_CITY_STATE_EXACT,0.950,DCZXXL85LRC7,CITY OF FARMINGTON,FARMINGTON,NM,ee782e5c192c1027,City of Farmington ,Farmington,NM,1.0,True,True,LOW_RISK,Likely Correct,
2555739,HIGH,sam,FUZZY_SPLINK_ADAPTIVE,1.000,Y64HNBYWGUV8,CITY OF LEBANON,LEBANON,OH,2d5f3e16f8dbd6dc,"City of Lebanon, Ohio",Lebanon,OH,0.828,True,True,LOW_RISK,Likely Correct,
2211368,HIGH,990,FUZZY_SPLINK_ADAPTIVE,0.992,376762,ORGANIZE PENNSYLVANIA,PITTSBURGH,PA,4805abf13af80995,Davis-Fetch Corporation of Pennsylvania,Pittsburgh,PA,0.711,True,True,LOW_RISK,Needs Human Review,
1601102,HIGH,osha,FUZZY_SPLINK_ADAPTIVE,1.000,b0dc7ac7f26301b9c9661a64d1864259,STOCKTON ENTERPRISES LLC DBA DEJA VU,STOCKTON,CA,66cb89f611cd6f48,STOCKTON STEEL - HERRICK CORP.,STOCKTON,CA,0.56,True,True,REVIEW_MEDIUM_RISK,Needs Human Review,
2139535,HIGH,990,EIN_EXACT,1.000,122985,NORTHERN CALIFORNIA DENTAL SOCIETY,ORLAND,CA,e6d22bcd05ceef03,Northern California MCA,Vacaville,CA,0.737,True,False,LOW_RISK,Needs Human Review,
1585154,HIGH,osha,FUZZY_SPLINK_ADAPTIVE,0.999,8f27824aad0085c68628b9dd8d067198,NORTH STAR MECHANICAL,BRIGHTON,MI,31765dc9e8ad1dc7,Westside Mechanical,Brighton,MI,0.65,True,True,LOW_RISK,Needs Human Review,
1543682,HIGH,osha,FUZZY_SPLINK_ADAPTIVE,0.993,74cc7eb0c03a8b5c3c79d0a8464562e8,"KV CONSTRUCTION 1, INC.",LOS ANGELES,CA,4c33d9653df3b8b2,Clune Construction Company,Los Angeles,CA,0.743,True,True,LOW_RISK,Needs Human Review,
1535099,HIGH,osha,FUZZY_SPLINK_ADAPTIVE,0.999,49a72dd81e5cbb0a24c5c48d5811cac3,VILLAGE OF NORTHFIELD - FD,NORTHFIELD,IL,00d88ff4c5856e10,Land Rover Northfield,Northfield,IL,0.667,True,True,LOW_RISK,Needs Human Review,
1530698,HIGH,osha,NAME_CITY_STATE_EXACT,0.950,6f8f9dbab3ec99d87065be91dbd41306,"B & C CABINETS & MILLWORK, INC.",CARSON CITY,NV,02b177157dbd6659,"B & C CABINETS & MILLWORK, INC.",CARSON CITY,NV,1.0,True,True,LOW_RISK,Likely Correct,
2231625,HIGH,990,EIN_EXACT,1.000,461206,SERVICE EMPLOYEES INTERNATIONAL UNION LOCAL NO 73,CHICAGO,IL,8b10e0a6c8203819,"Service Employees International Union, Local 1",Chicago,IL,0.923,True,True,LOW_RISK,Likely Correct,
1396150,HIGH,osha,FUZZY_SPLINK_ADAPTIVE,1.000,1b95b879b06ce47e6949efcf45b22785,SWAN CONSTRUCTION,BILLINGS,MT,9006e4ab1b259e8f,JDM Construction Services Co.,Billings,MT,0.788,True,True,LOW_RISK,Likely Correct,
2510417,HIGH,sam,FUZZY_SPLINK_ADAPTIVE,0.992,UK2UP56C3LU6,FALL ENTERPRISES LLC,PHILADELPHIA,PA,a645d1494edf5854,HMC Enterprises,Philadelphia,PA,0.774,True,True,LOW_RISK,Likely Correct,
1539505,HIGH,osha,FUZZY_SPLINK_ADAPTIVE,0.993,5faaa82257b4affe495c0f990af77443,CITY OF VICTORVILLE,VICTORVILLE,CA,68e61b95c07588e4,KDP Victorville,Victorville,CA,0.774,True,True,LOW_RISK,Likely Correct,
1619921,HIGH,osha,FUZZY_SPLINK_ADAPTIVE,0.993,e38a818f2dc749b7aa1fd9ee4d436019,TURNER CONSTRUCTION CO,CINCINNATI,OH,1ff3757316dd5d85,S.C.S CONTRUCTION SERVICE,CINCINNATI,OH,0.667,True,True,LOW_RISK,Needs Human Review,
1541901,HIGH,osha,FUZZY_SPLINK_ADAPTIVE,0.999,6c866c05db7c335699f65d6afa5dc0d8,"MOUNTAIN CASCADE, INC.",LIVERMORE,CA,3bc0f216a12ffad4,Iron Mountain,Livermore,CA,0.552,True,True,REVIEW_MEDIUM_RISK,Needs Human Review,
2508522,HIGH,sam,FUZZY_SPLINK_ADAPTIVE,1.000,QKMPSGDLWD73,CONSTRUCTION RESOURCES CORP OF NEW YORK,PERTH AMBOY,NJ,ad35bf17a207a4a0,CONSTRUCTION RESOURCES CORP OF NEW YORK (MTA),PERTH AMBOY,NJ,0.939,True,True,LOW_RISK,Likely Correct,
2275785,HIGH,whd,NAME_CITY_STATE_EXACT,0.950,1469186,Mosaic,Rockford,IL,7f5d5797273fd1d8,Mosaic,Rockford,IL,1.0,True,True,LOW_RISK,Likely Correct,
1537285,HIGH,osha,FUZZY_SPLINK_ADAPTIVE,0.993,53a184c377ec8b902645969789fe5ee1,CONNECT CONSTRUCTION LLC,COLUMBUS,OH,874a210105b9e488,NPL Construction,Columbus,OH,0.778,True,True,LOW_RISK,Likely Correct,
2140572,HIGH,990,EIN_EXACT,1.000,166835,MINNESOTA PKU FOUNDATION,WOODBURY,MN,0e231a2efd5b9308,"Minnesota Limited, LLC",Big Lake,MN,0.537,True,False,REVIEW_MEDIUM_RISK,Needs Human Review,
1402078,HIGH,osha,FUZZY_SPLINK_ADAPTIVE,1.000,38a93329c498b969f7cc890815becb19,"ART'S-WAY VESSELS, INC.",DUBUQUE,IA,d5f42e94716f72c9,Arts-Way Vessels INC,Dubuque,IA,0.97,True,True,LOW_RISK,Likely Correct,
2021612,HIGH,sec,EIN_EXACT,1.000,1480529,"Post Foods, LLC",ST. LOUIS,MO,017fbb78bd8ffb25,Post Foods,St. Louis,MO,1.0,True,True,LOW_RISK,Likely Correct,
2208540,HIGH,990,EIN_EXACT,1.000,34787,IAP WORLDWIDE SERVICES INC VEBA,CAPE CANAVERAL,FL,809174fe14d76547,IAP Worldwide Services,Cape Canaveral,FL,0.839,True,True,LOW_RISK,Likely Correct,
1625089,HIGH,osha,FUZZY_SPLINK_ADAPTIVE,0.993,f4ca4f52b3a64368dcd575858ebf291f,"TIGER CONSTRUCTION, LLC",KANSAS CITY,MO,1e0e9289ceaa7e51,Plaza Construction,Kansas City,MO,0.722,True,True,LOW_RISK,Needs Human Review,
1605784,HIGH,osha,FUZZY_SPLINK_ADAPTIVE,1.000,be3b5981b31dcb2cc913d845bfb77775,BOROUGH OF CLOSTER DPW,CLOSTER,NJ,8e0706d21da2f6cf,Borough of Closter,Closter,NJ,0.882,True,True,LOW_RISK,Likely Correct,
2140708,HIGH,990,EIN_EXACT,1.000,171746,Governors State University Foundation,UNIVERSITY PARK,IL,fe90352893638c5b,Governors State University,University Park,IL,0.825,True,True,LOW_RISK,Likely Correct,
1610439,HIGH,osha,FUZZY_SPLINK_ADAPTIVE,0.998,c8840f756d4a745b23899877bf6de098,ROCKFORD NH LLC,ROCKFORD,IL,73e76e96a8e3e277,Rockford Cement,Rockford,IL,0.769,True,True,LOW_RISK,Likely Correct,
1600220,HIGH,osha,NAME_CITY_STATE_EXACT,0.950,f1d67a87e0fa7614699629f8f58a667a,HOFFMASTER GROUP INC,OSHKOSH,WI,9cf5a3a92cb03573,Hoffmaster Group Inc,Oshkosh,WI,1.0,True,True,LOW_RISK,Likely Correct,
1601521,HIGH,osha,FUZZY_SPLINK_ADAPTIVE,0.992,b10eb600d86e4909623c164461dce774,DAN VOS CONSTRUCTION CO,WYOMING,MI,eae8c2f5649caa62,Johnson Construction,Wyoming,MI,0.75,True,True,LOW_RISK,Likely Correct,
1629284,HIGH,osha,FUZZY_SPLINK_ADAPTIVE,0.993,fd7e75e874aea6fbfa084ef73b14ce19,SIERRA CONSTRUCTION CO INC,PORTLAND,OR,5e7325dd26aacfa2,JE Dunn Construction Company,Portland,OR,0.718,True,True,LOW_RISK,Needs Human Review,
2143826,HIGH,990,FUZZY_SPLINK_ADAPTIVE,0.998,115537,Philippine Nurse Association of Southern California Inc,LOS ANGELES,CA,c404c576bbc1d113,Pipeline Contracts Association of Southern Calif.,Los Angeles,CA,0.796,True,True,LOW_RISK,Likely Correct,
1625531,HIGH,osha,FUZZY_SPLINK_ADAPTIVE,0.998,f5ce879dea46b0580892a631859c8071,"JPL CONSTRUCTION, INC",PHILADELPHIA,PA,1cd869c82a9da9e3,Ideal Construction,Philadelphia,PA,0.824,True,True,LOW_RISK,Likely Correct,
2255810,HIGH,990,FUZZY_SPLINK_ADAPTIVE,1.000,84405,CORNERSTONES OF CARE,KANSAS CITY,MO,aab7b70b418f6cee,Cornerstone,Kansas City,MO,0.786,True,True,LOW_RISK,Likely Correct,
2411508,HIGH,sam,NAME_CITY_STATE_EXACT,0.950,KLS6H2YMRJT1,TUACAHN CENTER FOR THE ARTS,IVINS,UT,d74e07225f38eda8,Tuacahn Center for the Arts,Ivins,UT,1.0,True,True,LOW_RISK,Likely Correct,
1592040,HIGH,osha,FUZZY_SPLINK_ADAPTIVE,0.993,9c87591be971450d10cf9860ef0880c4,RAM N L CONSTRUCTION,OKLAHOMA CITY,OK,2804dce02e25f026,SMITH PICKEL CONSTRUCTION INC,Oklahoma City,OK,0.711,True,True,LOW_RISK,Needs Human Review,
2555383,HIGH,sam,FUZZY_SPLINK_ADAPTIVE,0.993,X62HQ54T9VK7,EVENTSTAR STRUCTURES CORP,MEDLEY,FL,5961af2e6ab3aca5,Coreslab Structures Inc.,Medley,FL,0.718,True,True,LOW_RISK,Needs Human Review,
2462418,HIGH,sam,FUZZY_SPLINK_ADAPTIVE,0.992,NEKHC5RD6DP7,JAWN CONSTRUCTION INC.,QUEENS VILLAGE,NY,2a535ad86d8cfda8,Heavy Construction Co Inc.,Queens Village,NY,0.8,True,True,LOW_RISK,Likely Correct,
1580951,HIGH,osha,FUZZY_SPLINK_ADAPTIVE,1.000,8459161c60e97caa5be461cebafc7480,CENTRAL PENINSULA NEUROLOGY,SOLDOTNA,AK,e623502fef6dd377,Central Peninsula General Hospital,Soldotna,AK,0.754,True,True,LOW_RISK,Likely Correct,
1622436,HIGH,osha,FUZZY_SPLINK_ADAPTIVE,0.995,ebd55f6f42db6d8b1037f160298c6d1b,"RTP CONSTRUCTION, INC.",PHILADELPHIA,PA,e5dd8d91b7ec6e73,ABC Construction Co Inc,Philadelphia,PA,0.812,True,True,LOW_RISK,Likely Correct,
1399134,HIGH,osha,FUZZY_SPLINK_ADAPTIVE,0.993,2a077a96de5058a1c1a4805881e3f1b3,ACCRETE CONSTRUCTION GROUP,BROOKLYN,NY,28303f3f06156ac8,"M. Ali Construction, Inc.",Brooklyn,NY,0.737,True,True,LOW_RISK,Needs Human Review,
2140501,HIGH,990,EIN_EXACT,1.000,16373,ELECTRICAL WORKERS HEADQUARTERS,DAYTON,OH,e062cc969a44f83d,S.M.A.R.T. LOCAL 24,Dayton,OH,0.204,True,True,REVIEW_HIGH_RISK,Likely Incorrect,Low name similarity in active high/medium set.
2555660,HIGH,sam,FUZZY_SPLINK_ADAPTIVE,0.993,XVU2Y9WZHUH6,"VIBO CONSTRUCTION, INC",DUBLIN,OH,45319bf99a8c9105,Construction Manpower Services,Dublin,OH,0.632,True,True,REVIEW_MEDIUM_RISK,Needs Human Review,
2360859,HIGH,sam,NAME_CITY_STATE_EXACT,0.950,C3JHT7NLZRN6,"DENMAR SERVICES, INC.",LAWTON,OK,c531a0349bb442ec,"DenMar Services, Inc.",Lawton,OK,1.0,True,True,LOW_RISK,Likely Correct,
2040445,HIGH,sec,FUZZY_SPLINK_ADAPTIVE,0.992,1537028,"Independence Contract Drilling, Inc.",HOUSTON,TX,b4929f23b86d1767,Independent Contractors,,,0.755,True,True,LOW_RISK,Likely Correct,
2210898,HIGH,990,FUZZY_SPLINK_ADAPTIVE,0.992,35077,SHADY SIDE ACADEMY,PITTSBURGH,PA,7071561f04534789,Brightside Academy,Pittsburgh,PA,0.722,True,True,LOW_RISK,Needs Human Review,
2147292,HIGH,990,FUZZY_SPLINK_ADAPTIVE,0.993,198933,RICKS BROTHERS FOUNDATION,CLEVELAND,OH,e222c260dbc82821,Norris Brothers Company,Cleveland,OH,0.6,True,True,REVIEW_MEDIUM_RISK,Needs Human Review,
1527038,MEDIUM,osha,NAME_AGGRESSIVE_STATE_CITY_RESOLVED,0.750,590dcb05f8490dcbcad9d3f72cdcc1e2,HOFFMASTER,OSHKOSH,WI,9cf5a3a92cb03573,Hoffmaster Group Inc,Oshkosh,WI,1.0,True,True,LOW_RISK,Likely Correct,
195009,MEDIUM,nlrb,name_zip_exact,0.980,89310,Landmark Medical Center,Woonsocket,RI,5fd26b5a96600630,Landmark Medical Center,Woonsocket,RI,1.0,True,True,LOW_RISK,Likely Correct,
1384456,MEDIUM,osha,NAME_AGGRESSIVE_STATE,0.750,19a3aa94f427275f21ed47272434bfea,BURGER KING,MERRITT ISLAND,FL,b195b685133a598c,Burger King Corporation,Miami,FL,1.0,True,False,LOW_RISK,Likely Correct,
225510,MEDIUM,crosswalk,CROSSWALK,0.800,943367617,,,,baeb71078896e1d2,Arena Security Officers Association,Sacramento,CA,0.0,True,True,REVIEW_HIGH_RISK,Likely Incorrect,Low name similarity in active high/medium set.
1384814,MEDIUM,osha,NAME_AGGRESSIVE_STATE,0.750,1ba4540b56420ef5f9dac1ffcc3be7f0,SORENSEN GROSS CONSTRUCTION SERVICES,LANSING,MI,6b489ea2b6e3ac69,Sorensen Gross Construction Co,Flint,MI,1.0,True,False,LOW_RISK,Likely Correct,
1525045,MEDIUM,osha,NAME_AGGRESSIVE_STATE,0.750,4ce4185c897267e226cd4a1068c6c168,"MONRO MUFFLER/BRAKE, INCORPORATED",HYANNIS,MA,3811852eacac56b7,Monro Muffler & Brake,Stoughton,MA,0.745,True,False,LOW_RISK,Needs Human Review,
2553779,MEDIUM,sam,NAME_AGGRESSIVE_STATE,0.750,Z38ABRDEN515,"SERVICES FOR THE UNDERSERVED, INC.",NEW YORK,NY,a413ca8ebbf2cd25,Services for the Underserved ,New York,NY,1.0,True,True,LOW_RISK,Likely Correct,
227411,MEDIUM,crosswalk,CROSSWALK,0.800,134115047,,,,ea1a920f3dc65522,"Paul Steinberg, Inc.",Bronx,NY,0.0,True,True,REVIEW_HIGH_RISK,Likely Incorrect,Low name similarity in active high/medium set.
2519800,MEDIUM,sam,FUZZY_TRIGRAM,0.773,QQ1XC5YLS1R4,"DJ'S INDUSTRIES, LLC",LINTON,IN,eb3b3f5b4b54fc78,S.M. Industries LLC,Saint John,IN,0.828,True,False,LOW_RISK,Likely Correct,
211507,MEDIUM,crosswalk,USASPENDING_FUZZY_NAME_STATE,0.800,7904,,,CA,04ff00b5fae0c516,LB & B ASSOCIATES INC,El Centro,CA,0.0,True,True,REVIEW_HIGH_RISK,Likely Incorrect,Low name similarity in active high/medium set.
218268,MEDIUM,mergent,SPLINK_PROB,0.800,555458699,,,NY,a0a8b3e04fb98705,Reel Stories Teen Filmmaking,Brooklyn,NY,0.0,True,True,REVIEW_HIGH_RISK,Likely Incorrect,Low name similarity in active high/medium set.
222905,MEDIUM,crosswalk,CROSSWALK,0.800,596194206,,,,7edee11d8124fd11,Volusia County ,DeLand ,FL,0.0,True,True,REVIEW_HIGH_RISK,Likely Incorrect,Low name similarity in active high/medium set.
1755622,MEDIUM,osha,FUZZY_TRIGRAM,0.800,a5d95a7e88e5cdcbeaba7733d40293c6,"JOHN'S PLUMBING, INC.",CHICAGO,IL,a9e0e00c1439cc33,"John's Boys Plumbing, Inc",Burbank,IL,0.857,True,False,LOW_RISK,Likely Correct,
2276639,MEDIUM,whd,NAME_AGGRESSIVE_STATE_CITY_RESOLVED,0.750,1625002,Dresser Rand Corporation,Wellsville,NY,755625157914ebc6,Dresser-Rand Company,Wellsville,NY,1.0,True,True,LOW_RISK,Likely Correct,
1463957,MEDIUM,osha,FUZZY_TRIGRAM,0.750,31a8ccc506bccf0642779813d5a05c45,H J H CONSTRUCTION INC,PALM SPRINGS,CA,706a3099fbc82b89,"HMS Construction, Inc.",Vista ,CA,0.824,True,False,LOW_RISK,Likely Correct,
227194,MEDIUM,crosswalk,CROSSWALK,0.800,440149570,,,,e52fc32261c42282,Amalgamated Transit Union Local 1498,Independence,MO,0.0,True,True,REVIEW_HIGH_RISK,Likely Incorrect,Low name similarity in active high/medium set.
1571592,MEDIUM,osha,NAME_AGGRESSIVE_STATE,0.750,af352347cc3eaae3d10dc6fbb6a9720b,SYAR INDUSTRIES INC,VALLEJO,CA,e8cc88881bbb7e4d,Syar Industries,Napa,CA,1.0,True,False,LOW_RISK,Likely Correct,
2452452,MEDIUM,sam,FUZZY_TRIGRAM,0.781,KAQQBWNFDA38,SAN FRANCISCO BAY UNIVERSITY,FREMONT,CA,4e166e415e5f40b0,University of San Francisco,San Francisco,CA,0.5,True,False,REVIEW_MEDIUM_RISK,Needs Human Review,
217747,MEDIUM,crosswalk,CROSSWALK,0.800,250556200,,,,0f382efeda201a74,The Homewood Cemetery,Pittsburgh,PA,0.0,True,True,REVIEW_HIGH_RISK,Likely Incorrect,Low name similarity in active high/medium set.
2409717,MEDIUM,sam,NAME_AGGRESSIVE_STATE,0.750,H99LNYKKXVE5,TAYLOR MACHINE WORKS INC,LOUISVILLE,MS,5ef77ec8c53cc4aa,Taylor Machine Works,Louisville,MS,1.0,True,True,LOW_RISK,Likely Correct,
1620125,MEDIUM,osha,FUZZY_SPLINK_ADAPTIVE,0.775,e429d0467670200c7015c3cc972f4e40,BALTIMORE COUNTY GOVERNMENT,ESSEX,MD,539381faef53c716,Baltimore Convention Center,Baltimore,MD,0.63,True,False,REVIEW_MEDIUM_RISK,Needs Human Review,
196256,MEDIUM,nlrb,name_state_exact,0.900,106936,NBC,New York,NY,b5e92785292a35b9,"NBC, Inc.",New York,NY,1.0,True,True,LOW_RISK,Likely Correct,
1569236,MEDIUM,osha,NAME_AGGRESSIVE_STATE,0.750,a7089d08672b8a49aae89c6d67286c26,"Q & D CONSTRUCTION, INC.",RENO,NV,adbacd069bcde0cf,Q&D Construction LLC,Sparks,NV,1.0,True,False,LOW_RISK,Likely Correct,
1527922,MEDIUM,osha,NAME_AGGRESSIVE_STATE,0.750,5e63e1dfd870eed86bd70d8bfcb22608,"SHELLY AND SANDS, INC.",WESTERVILLE,OH,bffa77a46376336c,Shelly and Sands,Zanesville,OH,1.0,True,False,LOW_RISK,Likely Correct,
206381,MEDIUM,crosswalk,CROSSWALK,0.800,860089715,,,,03773d3211357801,IBEW Local 1116,Tucson,AZ,0.0,True,True,REVIEW_HIGH_RISK,Likely Incorrect,Low name similarity in active high/medium set.
193141,MEDIUM,nlrb,name_zip_exact,0.980,66901,"Graphic Packaging International, Inc.",PHOENIXVILLE,PA,35ce707f0800b9ba,Graphic Packaging International Inc.,Phoenixville,PA,1.0,True,True,LOW_RISK,Likely Correct,
200071,MEDIUM,nlrb,name_zip_exact,0.980,158118,Trinity Transportation Pontiac,Pontiac,MI,ed6801c7fdb45fb6,Trinity Transportation Pontiac,Pontiac,MI,1.0,True,True,LOW_RISK,Likely Correct,
1583491,MEDIUM,osha,FUZZY_SPLINK_ADAPTIVE,0.775,89608f5886b0c63c7ccf866c241a1974,"SOUTHERN ILLINOIS MOTOR XPRESS, INC.",CUTLER,IL,c95accaf38846850,Southern Illinois Sand & Transfer Inc,Chester,IL,0.689,True,False,LOW_RISK,Needs Human Review,
1390421,MEDIUM,osha,NAME_AGGRESSIVE_STATE_CITY_RESOLVED,0.750,3dd47ba169ec1f20a68841a713dad8c7,THARCO CONTAINERS INC,SANTA FE SPRINGS,CA,3c49608d9f7ed1b4,THARCO CONTAINERS,Santa Fe Springs,CA,1.0,True,True,LOW_RISK,Likely Correct,
2026887,MEDIUM,sec,FUZZY_TRIGRAM,0.704,1092013,ACME COMMUNICATIONS INC,SANTA ANA,CA,d89849ca1d830e53,RT COMMUNICATIONS INC,Danville,CA,0.833,True,False,LOW_RISK,Likely Correct,
208129,MEDIUM,crosswalk,USASPENDING_EXACT_NAME_STATE,0.800,450433247,,,ND,119e302ca3d9996c,Cass County Electric Cooperative,Fargo,ND,0.0,True,True,REVIEW_HIGH_RISK,Likely Incorrect,Low name similarity in active high/medium set.
2361720,MEDIUM,sam,NAME_AGGRESSIVE_STATE,0.750,DBHNKYN1CDM4,STEUBEN RURAL ELECTRIC COOPERATIVE INC,BATH,NY,840d7a21b06b9fed,Steuben Rural Electric Cooperative,Bath,NY,1.0,True,True,LOW_RISK,Likely Correct,
197376,MEDIUM,nlrb,name_zip_exact,0.980,122686,PRO CHOICE BEAUTY CARE,Bellport,NY,63ecaf79077090d1,Pro Choice Beauty Care,Bellport,NY,1.0,True,True,LOW_RISK,Likely Correct,
227094,MEDIUM,crosswalk,CROSSWALK,0.800,843668757,,,,e37db1f5e0c98d92,Tractor Supply Company,Columbia,TN,0.0,True,True,REVIEW_HIGH_RISK,Likely Incorrect,Low name similarity in active high/medium set.
210272,MEDIUM,gleif,NAME_STATE,0.800,549300H4ZK81X0R43239,,,NY,8eaaded00bb5004e,Brooklyn Boulevard Alp ,Brooklyn,NY,0.0,True,True,REVIEW_HIGH_RISK,Likely Incorrect,Low name similarity in active high/medium set.
199657,MEDIUM,nlrb,name_zip_exact,0.980,152626,"The Lawrence Community Shelter, Inc.",Lawrence,KS,1d710c04292ad6ee,"The Lawrence Community Shelter, Inc.",Lawrence,KS,1.0,True,True,LOW_RISK,Likely Correct,
1525844,MEDIUM,osha,NAME_AGGRESSIVE_STATE,0.750,51e80b801bb754a99210f875013b5d4b,COMPLETE GENERAL CONSTRUCTION COMPANY,DUBLIN,OH,fe82482c3ba6ac06,Complete General Construction,Zanesville,OH,1.0,True,False,LOW_RISK,Likely Correct,
189804,MEDIUM,nlrb,name_zip_exact,0.980,23053,Boeing,Everett,WA,4d4b8d85236c8082,Boeing,Everett,WA,1.0,True,True,LOW_RISK,Likely Correct,
2405463,MEDIUM,sam,FUZZY_TRIGRAM,0.781,FLGAKFRW9EK8,AMADOR FIRE PROTECTION DISTRICT,JACKSON,CA,63663e8c433a3d19,Fire Protection District,Shasta Lake,CA,0.873,True,False,LOW_RISK,Likely Correct,
210890,MEDIUM,crosswalk,USASPENDING_EXACT_NAME_STATE,0.800,7240,,,TX,bd577e8a4b58ed11,FlightSafety Defense Corporation,Fort Worth,TX,0.0,True,True,REVIEW_HIGH_RISK,Likely Incorrect,Low name similarity in active high/medium set.
200841,MEDIUM,nlrb,name_state_exact,0.900,167120,UPS,Riverside,CA,b4d9b2950bc00498,UPS,Baldwin Park ,CA,1.0,True,False,LOW_RISK,Likely Correct,
198041,MEDIUM,nlrb,name_zip_exact,0.980,131909,"S.M. LORUSSO & SONS, INC.",Walpole,MA,5678913ad4d90f48,"S M LORUSSO & SONS, INC.",WALPOLE,MA,1.0,True,True,LOW_RISK,Likely Correct,
200989,MEDIUM,nlrb,name_state_exact,0.900,169198,Various Employers,North Hollywood,CA,1001df2a3c3b23f4,Various Employers,Northern California,CA,1.0,True,False,LOW_RISK,Likely Correct,
1577107,MEDIUM,osha,NAME_AGGRESSIVE_STATE,0.750,c79e0e31dde4b2078402da46e0c21d05,BURNS CONSTRUCTION CO. INC.,STRATFORD,CT,5fa8a0f21939a4b4,"Burns Construction Company, Inc.",Stratford,CT,1.0,True,True,LOW_RISK,Likely Correct,
208050,MEDIUM,crosswalk,USASPENDING_EXACT_NAME_STATE,0.800,5813,,,CA,05e780c1d07f6a2b,Chevron U.S.A. Inc.,San Ramon,CA,0.0,True,True,REVIEW_HIGH_RISK,Likely Incorrect,Low name similarity in active high/medium set.
1461907,MEDIUM,osha,FUZZY_TRIGRAM,0.700,2fea8280c278f432e0467894ab312a3b,RUIZ CONSTRUCTION,KEARNEY,MO,550b5659e9b1b364,RA CONSTRUCTION,KANSAS CITY,MO,0.875,True,False,LOW_RISK,Likely Correct,
199518,MEDIUM,nlrb,name_zip_exact,0.980,150978,THE BOEING COMPANY,Huntington Beach,CA,08722c5a4fa81da4,The Boeing Company,El Segundo,CA,1.0,True,False,LOW_RISK,Likely Correct,
192426,MEDIUM,nlrb,name_state_exact,0.900,59124,FORD MOTOR COMPANY,Wixom,MI,78cab98ee0b1f20d,Ford Motor Company,Wayne,MI,1.0,True,False,LOW_RISK,Likely Correct,
194302,MEDIUM,nlrb,name_state_exact,0.900,83485,Kaiser Foundation Hospitals,Richmond,CA,814021a7beb8f7b9,Kaiser Foundation Hospitals,Pasadenda,CA,1.0,True,False,LOW_RISK,Likely Correct,
2238729,MEDIUM,990,FUZZY_TRIGRAM,0.797,441082,ORANGE COUNTY IBEW-NECA LABOR-MANAGEMENT COOPERATION COMMITTEE,ORANGE,CA,c7f0cbdac0afc387,IBEW NECA LABOR MANAGEMENT COOPERATION COMMITTEE,Pasadena,CA,0.873,True,False,LOW_RISK,Likely Correct,
1672141,MEDIUM,osha,FUZZY_TRIGRAM,0.724,65742d2fdd8f60dea79b10dc1a9ca129,CONTINENTAL PRODUCTS,MEXICO,MO,f2face38fbedfa28,Continental Commercial Products ,Bridgeton,MO,0.784,True,False,LOW_RISK,Likely Correct,
2551610,MEDIUM,sam,FUZZY_TRIGRAM,0.767,UQ1QC2PV65C5,CABTEL ENGINEERING AND CONSTRUCTION INC,MIAMI,FL,e2e006638de508e5,Irby Engineering and Construction Inc.,Pensacola,FL,0.867,True,False,LOW_RISK,Likely Correct,
2301920,MEDIUM,whd,FUZZY_TRIGRAM,0.776,1688952,"Anna Rehabilitation and Nursing Center, LLC",Anna,IL,73010069818e31f8,Columbia Rehabilitation and Nursing Center LLC,Columbia,IL,0.861,True,False,LOW_RISK,Likely Correct,
195899,MEDIUM,nlrb,name_zip_exact,0.980,101508,MIDWEST DRYWALL,Wichita,KS,b2dbcc2f5f337871,MIDWEST DRYWALL CO INC,WICHITA,KS,1.0,True,True,LOW_RISK,Likely Correct,
2278012,MEDIUM,whd,NAME_AGGRESSIVE_STATE,0.750,1741914,Doss Aviation,Oak Harbor,WA,0b47c837671aae37,Doss Aviation Inc,Ft Lewis,WA,1.0,True,False,LOW_RISK,Likely Correct,
2458395,MEDIUM,sam,NAME_AGGRESSIVE_STATE,0.750,LYJHZTJK19D4,MONMOUTH UNIVERSITY INC,WEST LONG BRANCH,NJ,36c09a44c4da1d34,Monmouth University ,West Long Branch,NJ,1.0,True,True,LOW_RISK,Likely Correct,
196831,MEDIUM,nlrb,name_zip_exact,0.980,115117,Palace Hotel,SAN FRANCISCO,CA,1b283940aedc038a,Palace Hotel,San Francisco,CA,1.0,True,True,LOW_RISK,Likely Correct,
1711984,MEDIUM,osha,FUZZY_TRIGRAM,0.741,d67fd297cfa2e7f788c0cd8fbce9170e,106348 - FRANA COMPANIES INC,ELK RIVER,MN,ead82ef270034a72,Frana Companies Inc,Hopkins,MN,0.811,True,False,LOW_RISK,Likely Correct,
2591832,MEDIUM,sam,FUZZY_TRIGRAM,0.719,Z76DTHQKD4F1,"FCS CONSTRUCTION SERVICES, INC.",DAYTON,OH,1b83da75df87ea48,SCS Construction Services,Cincinnati,OH,0.938,True,False,LOW_RISK,Likely Correct,
205763,MEDIUM,crosswalk,USASPENDING_FUZZY_NAME_STATE,0.800,12098,,,PA,56fbbe2934bf4cc5,"BIMBO BAKERIES, INC",HORSHAM,PA,0.0,True,True,REVIEW_HIGH_RISK,Likely Incorrect,Low name similarity in active high/medium set.
1567406,MEDIUM,osha,NAME_AGGRESSIVE_STATE,0.750,a195ec06c98d759b6abdc5174d6e1da8,MANAFORT BROTHERS INCORPORATED,NEW BRITAIN,CT,af1e130dcba06ab8,MANAFORT BROTHERS INC,PLAINVILLE,CT,0.723,True,False,LOW_RISK,Needs Human Review,
224762,MEDIUM,crosswalk,CROSSWALK,0.800,223303718,,,,a93841b125a14ffb,Hunterdon County Educational Services Commission,Califon,NJ,0.0,True,True,REVIEW_HIGH_RISK,Likely Incorrect,Low name similarity in active high/medium set.
1383859,MEDIUM,osha,NAME_AGGRESSIVE_STATE,0.750,162c9a43d0838092441cbecc33a2f036,"WASTE MANAGEMENT OF WISCONSIN, INC",FRANKLIN,WI,c578bebfe2450119,Waste Management Of Wisconsin,Pewaukee,WI,1.0,True,False,LOW_RISK,Likely Correct,
202148,MEDIUM,nlrb,name_zip_exact,0.980,122732,"Pro Tec Fire Services, Inc.",Appleton,WI,781ca0bfcf2216c8,"Pro-Tec Fire Services, LTD",Appleton,WI,1.0,True,True,LOW_RISK,Likely Correct,
2459231,MEDIUM,sam,NAME_AGGRESSIVE_STATE,0.750,MZK5JKKL9S23,US FOODS INC,CHARLOTTE,NC,e0524d343d6ca46a,US Foods,Charlotte,NC,1.0,True,True,LOW_RISK,Likely Correct,
2273153,MEDIUM,whd,NAME_AGGRESSIVE_STATE,0.750,235834,"Alden Management Services,Inc.",Chicago,IL,fb945194520122e3,Alden Management ,Chicago ,IL,1.0,True,True,LOW_RISK,Likely Correct,
1793286,MEDIUM,osha,FUZZY_TRIGRAM,0.727,f08a9bcc0f6bd5bb64ea1db25ac46db5,94770 - THE TORO COMPANY,WINDOM,MN,ebad2d23d16e4b53,The Toro Company,Shakopee,MN,0.571,True,False,REVIEW_MEDIUM_RISK,Needs Human Review,
211418,MEDIUM,crosswalk,USASPENDING_FUZZY_NAME_STATE,0.800,7817,,,CO,020b0388207a07a5,"CAV International, Inc.",Colorado Springs,CO,0.0,True,True,REVIEW_HIGH_RISK,Likely Incorrect,Low name similarity in active high/medium set.
2072581,MEDIUM,sec,FUZZY_TRIGRAM,0.700,1779552,Ao1 Holdings Inc.,MINNEAPOLIS,MN,7286e0b9635515fc,ASV Holdings INC,Grand Rapids,MN,0.833,True,False,LOW_RISK,Likely Correct,
2509403,MEDIUM,sam,FUZZY_SPLINK_ADAPTIVE,0.775,S8KXNLPMRMU7,CITY OF CLEVELAND HEIGHTS,CLEVELAND HEIGHTS,OH,8642cde265b43c1c,City of Cleveland,Cleveland,OH,0.778,True,False,LOW_RISK,Likely Correct,
1531820,MEDIUM,osha,NAME_AGGRESSIVE_STATE,0.750,764ef9c5499b7f34ae67781b96a2e88f,"AUSTIN TYLER CONSTRUCTION, LLC",NEW LENOX,IL,86a15ff786cf3298,Austin Tyler Construction Inc,Elwood,IL,1.0,True,False,LOW_RISK,Likely Correct,
2411523,MEDIUM,sam,NAME_AGGRESSIVE_STATE,0.750,KM97M3BHTB59,DIAMOND CONSTRUCTION COMPANY,QUINCY,IL,841881ea577498c5,Diamond Construction,Quincy,IL,1.0,True,True,LOW_RISK,Likely Correct,
1389508,MEDIUM,osha,NAME_AGGRESSIVE_STATE,0.750,388553d6031504836d5f3f7bbd2c1923,OWENS-BROCKWAY GLASS CONTAINER INC.,FAIRFIELD,CA,73b4e5b25c8bcb9f,"OWENS-BROCKWAY, GLASS CONTAINER",Oakland,CA,1.0,True,False,LOW_RISK,Likely Correct,
1418315,MEDIUM,osha,FUZZY_TRIGRAM,0.794,0bf4c93b6336be7446aa50f67d039764,"PAR ELECTRICAL CONTRACTORS, INC.",TWAIN,CA,ded303eb966339ea,CSI Electrical Contractors Inc.,Santa Fe Springs,CA,0.885,True,False,LOW_RISK,Likely Correct,
219641,MEDIUM,crosswalk,CROSSWALK,0.800,521915850,,,,2d4fb01756212310,United Methodist Communities,Neptune,NJ,0.0,True,True,REVIEW_HIGH_RISK,Likely Incorrect,Low name similarity in active high/medium set.
2286476,MEDIUM,whd,FUZZY_SPLINK_ADAPTIVE,0.775,1650139,Chenega Integrated Systems LLC-Ft. Richardson,Fort Richardson,AK,c890127ccdb5fe65,Chenega Integrated Systems LLC,Anchorage,AK,0.788,True,False,LOW_RISK,Likely Correct,
2507117,MEDIUM,sam,NAME_AGGRESSIVE_STATE,0.750,SNT8DD1RH7M8,THYSSENKRUPP ROTHE ERDE USA INC.,AURORA,OH,19571a414bee9f1f,THYSSENKRUPP ROTHE ERDE USA,AURORA,OH,1.0,True,True,LOW_RISK,Likely Correct,
1573491,MEDIUM,osha,NAME_AGGRESSIVE_STATE_SPLINK_RESOLVED,0.801,b4b38330414f8c814fb28be180fe0335,GORDON TERMINAL SERVICE COMPANY OF PA,BAYONNE,NJ,1d61a4cf55b2ed46,Gordon Terminal Service Company,Bayonne,NJ,0.909,True,True,LOW_RISK,Likely Correct,
188497,MEDIUM,nlrb,name_zip_exact,0.980,6076,ALASKAN COPPER WORKS,Seattle,WA,2e66eef5e0525660,Alaskan Copper Works,Seattle,WA,1.0,True,True,LOW_RISK,Likely Correct,
2278348,MEDIUM,whd,NAME_AGGRESSIVE_STATE,0.750,1626207,"Graham Packaging Company, Inc.",Modesto,CA,90ea1561c5061e7e,Graham Packaging Company,Richmond,CA,1.0,True,False,LOW_RISK,Likely Correct,
1383483,MEDIUM,osha,NAME_AGGRESSIVE_STATE,0.750,13b4b90274ce0547d77d8b23ddc9ace2,"CD SMITH CONSTRUCTION, INC",MADISON,WI,5d99a5266d1a3cf9,CD Smith Construction,Fond du Lac,WI,1.0,True,False,LOW_RISK,Likely Correct,
225040,MEDIUM,crosswalk,CROSSWALK,0.800,350563920,,,,ae513f7189d77b75,Our Sunday Visitor,Huntington,IN,0.0,True,True,REVIEW_HIGH_RISK,Likely Incorrect,Low name similarity in active high/medium set.
207694,MEDIUM,gleif,NAME_STATE,0.800,549300B1HTS086FM8144,,,CA,96d7876dcb713788,ACCO Engineered Systems,Pasadena,CA,0.0,True,True,REVIEW_HIGH_RISK,Likely Incorrect,Low name similarity in active high/medium set.
225965,MEDIUM,crosswalk,CROSSWALK,0.800,240548304,,,,c75270a9ccead1ba,"Bedford Rural Electric Cooperative, Inc.",Bedford,PA,0.0,True,True,REVIEW_HIGH_RISK,Likely Incorrect,Low name similarity in active high/medium set.
2362952,MEDIUM,sam,NAME_AGGRESSIVE_STATE,0.750,F44LL4LE6LN3,"HANDS-ON EXECUTIVE JANITORIAL SERVICES, INC",SACRAMENTO,CA,5d9eb508c65f6328,Hands On Executive Janitorial Service,Sacramento,CA,1.0,True,True,LOW_RISK,Likely Correct,
192873,MEDIUM,nlrb,name_zip_exact,0.980,63818,Genesis Logistics,Santa Fe Springs,CA,d41d1171bad2a8be,"Genesis Logistics, Inc.",Santa Fe Springs,CA,1.0,True,True,LOW_RISK,Likely Correct,
210650,MEDIUM,gleif,NAME_STATE,0.800,549300SJO1HS2709ED10,,,LA,f664bcce2ff9a4b8,Coastal Cargo,New Orleans,LA,0.0,True,True,REVIEW_HIGH_RISK,Likely Incorrect,Low name similarity in active high/medium set.
2415536,MEDIUM,sam,FUZZY_TRIGRAM,0.821,G1QLBXG4AZG1,HOUSING & REDEVELOPMENT AUTHORITY OF WIN,WINONA,MN,9de97179dadd03eb,HOUSING & REDEVELOPMENT AUTHORITY,Duluth,MN,0.939,True,False,LOW_RISK,Likely Correct,
2256077,MEDIUM,990,FUZZY_SPLINK_ADAPTIVE,0.775,9312,Providence Jewelers Club,EAST PROVIDENCE,RI,2b4600858867f4d1,Providence College,Providence,RI,0.619,True,False,REVIEW_MEDIUM_RISK,Needs Human Review,
190443,MEDIUM,nlrb,name_state_exact,0.900,32048,Charlotte Area Transit System,Charlotte,NC,0955a849aa9fa1a2,Charlotte area transit system,Charlotte,NC,1.0,True,True,LOW_RISK,Likely Correct,
2228195,MEDIUM,990,FUZZY_TRIGRAM,0.711,414461,MARYLAND STATE GOLF ASSOCIATION,LUTHERVILLE,MD,f4fef952d5dcab46,Maryland State Education Association,Annapolis,MD,0.836,True,False,LOW_RISK,Likely Correct,
2410622,MEDIUM,sam,NAME_AGGRESSIVE_STATE,0.750,JHZJUEQNC4B1,CAE USA INC.,ARLINGTON,TX,f4c9474577edfac9,CAE USA,Corpus Christi,TX,1.0,True,False,LOW_RISK,Likely Correct,
1416701,MEDIUM,osha,FUZZY_TRIGRAM,0.739,0aaa19ac530882698a7d59eeafdef4c9,"KNA CONTRACTING, LLC",ROANOKE,VA,4e2f8af4ffae83ec,"T&K Contracting, LLC",Woodbridge,VA,0.867,True,False,LOW_RISK,Likely Correct,
1411095,MEDIUM,osha,FUZZY_TRIGRAM,0.720,060603e205f3fb4b7864b632653f47fb,APL CONSTRUCTION LLC,PLAINSBORO,NJ,c28ed32df10a763e,ARMY CONSTRUCTION LLC,BLOOMFIELD,NJ,0.848,True,False,LOW_RISK,Likely Correct,
1464039,MEDIUM,osha,FUZZY_TRIGRAM,0.833,31b87da606604441431b3c5d02a461f2,MOWBRAYS TREE SERVICE,PORTERVILLE,CA,b94055d1f9e68904,Mowbray's Tree Service,San Bernardino,CA,0.963,True,False,LOW_RISK,Likely Correct,
220163,MEDIUM,crosswalk,CROSSWALK,0.800,351053030,,,,398443cf67f6bc67,"Building Contractors Assoc of Ft Wayne IN, Inc.",Fort Wayne,IN,0.0,True,True,REVIEW_HIGH_RISK,Likely Incorrect,Low name similarity in active high/medium set.
190598,MEDIUM,nlrb,name_state_exact,0.900,33787,CINTAS CORPORATION,Perrysburg,OH,d19a347035533708,Cintas Corporation,Cincinnati,OH,1.0,True,False,LOW_RISK,Likely Correct,
2289827,MEDIUM,whd,FUZZY_SPLINK_ADAPTIVE,0.775,1768612,Precision Irrigation,Chesterfield,MO,2a6cfeb2c324a727,"Precision Daylighting, Inc. ",Pacific,MO,0.732,True,False,LOW_RISK,Needs Human Review,
1527961,MEDIUM,osha,NAME_AGGRESSIVE_STATE,0.750,5ead62c8379050473cb1dce90ca4aedd,AMERICRAFT CARTON INC,STURGIS,MI,431900ab06661422,Americraft Carton,Sturgis,MI,1.0,True,True,LOW_RISK,Likely Correct,
212548,MEDIUM,crosswalk,USASPENDING_FUZZY_NAME_STATE,0.800,8977,,,PA,2b970c7097e623a0,Health Care Services Group Inc.,Doylestown,PA,0.0,True,True,REVIEW_HIGH_RISK,Likely Incorrect,Low name similarity in active high/medium set.
